정류장 고유번호,정류장 명,위도,경도
11100,세종시보건소(대동초),36.5955851,127.2953796
11101,세종시보건소(대동초),36.5955999,127.2935516
34110,대평리원형교차로,36.4600198,127.2805189
34111,대평리원형교차로,36.4600021,127.2807254
32087,삼성전기,36.5396464,127.3361428
32088,삼성전기,36.5395019,127.3359476
32089,리봄화장품,36.5451653,127.3308576
32090,리봄화장품,36.5450657,127.3305114
32091,명학산업단지입구,36.5492451,127.3280218
32092,명학산업단지입구,36.5491094,127.3277093
52048,선박안전기술공단,36.5150586,127.2422849
52049,선박안전기술공단,36.5149012,127.2424529
37071,유천리,36.6862,127.16905
37010,금사리,36.60927,127.17268
37022,달전1리,36.63113,127.17432
37019,달전2리입구,36.62698,127.17504
37018,달전2리입구,36.62677,127.17521
37020,달전2리입구,36.62685,127.17534
37057,세종미래산업단지,36.63987,127.17637
37056,세종미래산업단지,36.63972,127.17649
37055,양곡리,36.64323,127.17697
37054,양곡리,36.64316,127.1771
37068,유천2리,36.68292,127.17727
37066,유천2리,36.68278,127.17728
37024,달전리(태호농장),36.61601,127.17733
37023,달전리(태호농장),36.61607,127.17748
37031,민석아파트입구,36.6811,127.18134
37030,민석아파트입구,36.68099,127.18197
37047,신방1리(신암골),36.65099,127.18462
37048,신방1리(신암골),36.651,127.18479
37017,비암사입구,36.60406,127.1863
37016,비암사입구,36.60409,127.18662
37059,대전가톨릭대입구,36.65524,127.18733
37058,대전가톨릭대입구,36.65494,127.18734
37040,서정2리마을회관,36.69661,127.18893
37041,서정2리마을회관,36.69659,127.18911
37060,영당리(영성들),36.66042,127.18919
37042,서정리(고수골),36.69293,127.18937
37061,영당리(영성들),36.66047,127.18938
37014,다방1리마을회관,36.60319,127.18944
37038,서정2리,36.70042,127.18963
37039,서정2리,36.70041,127.18994
37033,부거실(아랫마을),36.62586,127.19001
37052,신흥리,36.66348,127.19092
37053,신흥리,36.66359,127.19113
37026,덕고개,36.68046,127.19186
37036,서정1리마을회관,36.68798,127.19183
37076,전의산연수원,36.70287,127.19218
37075,전의산연수원,36.70249,127.19243
37087,한국콜마,36.68087,127.19338
37051,신흥리(사사),36.66931,127.19429
37064,원성2리,36.67112,127.19515
37063,원성2리,36.67103,127.19527
37082,전의중학교,36.68024,127.19736
37034,부거실(윗마을),36.62444,127.19807
37005,관정1리,36.69898,127.19813
37006,관정1리,36.69905,127.19826
37062,원성리(죽근마을),36.67622,127.19936
37080,전의역,36.67939,127.20358
37079,전의역,36.67953,127.2036
37078,전의역,36.67933,127.20402
37081,전의역,36.67946,127.20405
37044,성호아파트,36.68196,127.20455
37003,갈정교,36.68911,127.20517
37004,갈정교,36.68899,127.2053
37025,대추리,36.6932,127.2057
37072,재동아파트,36.6794,127.2066
35044,은용리,36.489195,127.195662
36032,번암터,36.56317,127.25387
36080,연서초등학교,36.58203,127.25394
36074,연서감리교회,36.57759,127.25602
36018,연서감리교회,36.57767,127.25632
36079,연서중학교,36.58099,127.25676
36078,연서중학교,36.58113,127.25696
36003,고복1리마을회관,36.60462,127.25795
36017,국촌2리,36.57727,127.25925
36016,국촌2리,36.57711,127.25936
36083,와촌1리(대실),36.55868,127.26061
36084,와촌1리(대실),36.55887,127.26078
36038,서면,36.58632,127.26114
36039,서면,36.58628,127.26126
36008,고복1리,36.59675,127.2614
36001,고복1리,36.59669,127.26154
36045,성제2리,36.59151,127.26172
36041,서세종농협,36.58857,127.26386
36042,서세종농협,36.58847,127.26396
36044,성제삼거리,36.58916,127.26419
36048,성제삼거리,36.58922,127.26433
36040,국촌2리마을회관,36.57566,127.26499
34079,영대1리마을회관,36.45845,127.33336
34099,황용사,36.47403,127.33406
34098,황용사,36.47385,127.3342
34092,초정약수터,36.47949,127.33524
34080,영대리,36.46787,127.33543
34081,영대리,36.4678,127.33567
34091,초정약수터,36.47936,127.3358
34026,달전리(한울농장),36.46182,127.34222
34025,달전리(한울농장),36.4617,127.34258
34029,대박리(광덕사),36.47818,127.34409
34059,부용1리,36.49752,127.34413
34031,대박리(광덕사),36.47829,127.34445
34060,부용1리,36.49779,127.34486
34022,달전리,36.45984,127.34676
34023,달전리,36.45978,127.34699
34027,달전리마을회관,36.462221,127.349332
34028,대박리,36.47707,127.3494
34030,대박리,36.47716,127.34951
34048,망골,36.45954,127.35183
34047,망골,36.45971,127.35184
34049,박산리(작약골),36.47709,127.35183
34051,박산리,36.4773,127.35433
34062,부용2리,36.5125,127.35861
34061,부용2리,36.51229,127.35845
34006,박산고개,36.47516,127.36239
33007,금호2리노인회관,36.50201,127.35459
33008,금호2리노인회관,36.50221,127.35515
33003,갈산2리,36.53756,127.35598
33002,갈산2리,36.53772,127.35615
33005,금호2리공단입구,36.50417,127.358
33041,산수리입구,36.55433,127.35824
33029,부강리,36.53303,127.35955
33030,부강리,36.53291,127.36088
33037,부강역,36.53189,127.36464
33010,금호3리,36.50934,127.36516
33038,부강역,36.53192,127.36517
33032,부강면,36.52986,127.36613
33044,아시아제지기숙사,36.49129,127.36638
33040,부강초등학교,36.52823,127.36714
33001,갈산리,36.5466,127.3677
33035,부강3리,36.52795,127.368
33036,부강3리,36.52793,127.3682
33050,한화사원아파트,36.52627,127.36823
33051,한화사원아파트,36.52607,127.36838
33011,부강9리,36.51895,127.36841
33027,부강성당(부강청소년문화관),36.52811,127.3702
33039,부강성당(부강청소년문화관),36.52822,127.37038
33033,부강삼거리,36.52792,127.372
32048,용호2리,36.537366,127.313598
32039,예양2리,36.5808639,127.3172522
32051,용호3리,36.536552,127.317421
32042,예양1리,36.57621,127.32112
32043,예양1리,36.57534,127.32155
32041,양세오충각,36.57851,127.32177
32033,양세오충각,36.57838,127.3219
32028,송용리,36.5617958,127.3229875
32037,예양리,36.57283,127.32303
32040,예양리,36.57279,127.32321
32027,송용리,36.5619854,127.3231771
32008,내판3리,36.54827,127.32506
32010,내판역,36.55796,127.32516
32007,내판3리,36.5481637,127.3252197
32009,내판역,36.55751,127.3252
32005,내판2리,36.5520139,127.3257707
32006,내판2리,36.5516584,127.3262301
32013,노송2리,36.57126,127.32616
32068,합강1리,36.52146,127.32742
32034,연동중학교,36.55269,127.32796
32035,연동중학교,36.5529,127.32801
32012,노송1리(노리미),36.56935,127.32836
32004,교과서박물관,36.5494,127.33021
32003,교과서박물관,36.54933,127.33046
32074,합강리,36.52605,127.33119
32073,합강리,36.52643,127.33143
32063,응암농공단지,36.54621,127.33419
32024,명학산업단지 관리사무소,36.5377697,127.3369857
32023,명학산업단지 관리사무소,36.5379229,127.3369072
32072,합강2리(합강공원),36.5176769,127.3397464
32071,합강2리(합강공원),36.51779,127.33971
32025,명학산업단지,36.53897,127.34062
36046,성제1리마을회관,36.59183,127.26913
36047,성제1리마을회관,36.59196,127.26919
36068,쌍전리(우리요양원),36.57806,127.26923
36037,부동리마을회관,36.5596356,127.2696102
36036,부동리마을회관,36.559699,127.2697497
36077,연서면사무소,36.59184,127.27115
36076,연서면사무소,36.59204,127.2716
36011,국촌1리,36.57297,127.2725
36100,월하1리마을회관,36.59354,127.27439
36101,월하1리마을회관,36.59373,127.27467
36031,방축골,36.59433,127.27733
36034,대원아파트,36.55833,127.27817
36013,국촌1리(함박산),36.5715,127.27887
36014,국촌1리(함박산),36.57137,127.27907
36070,쌍전리마을회관,36.57776,127.27925
36071,쌍전리마을회관,36.5777729,127.2791041
36028,대원아파트후문,36.56068,127.28087
36054,세종장례식장,36.57148,127.28215
36073,봉암리,36.56358,127.28305
36072,봉암리,36.56387,127.28345
36102,월하2리,36.58373,127.28447
36049,세종교통,36.56604,127.28472
36050,세종교통,36.56604,127.28491
36029,도원초등학교,36.58576,127.28655
36053,세종장례식장입구,36.57023,127.28746
36098,세종장례식장입구,36.5700498,127.2875721
36052,세종장례식장입구,36.5703293,127.2875669
36099,세종장례식장입구,36.5700006,127.2877801
36106,월하리(항공학교),36.57537,127.29147
36103,월하리(항공학교),36.57633,127.29212
36104,월하리,36.57825,127.29256
36105,월하리,36.57842,127.29276
35025,송학2리(언고개),36.54245,127.18782
35028,송학2리(언고개),36.54252,127.18796
35061,하봉리마을회관,36.49593,127.19032
35027,송학2리(하나로마트),36.53849,127.19066
35026,송학2리(하나로마트),36.53804,127.19126
35045,은용리,36.48912,127.19574
35051,평기리,36.51348,127.19699
35052,평기리,36.51352,127.19715
35023,송문리입구,36.51462,127.19736
35055,평기리마을회관,36.51018,127.19748
35060,하봉교차로,36.48961,127.1977
35024,송문리입구,36.5148,127.19775
35056,평기리마을회관,36.51012,127.19785
35059,하봉교차로,36.48959,127.19782
35053,평기리(아랫말),36.50672,127.19963
35049,장기중학교,36.49386,127.20217
35038,용현길입구,36.5401855,127.2020559
35048,장기중학교,36.49398,127.20235
35039,용현리,36.54304,127.20454
35047,장군면사무소,36.49684,127.20511
35046,장군면사무소,36.49714,127.20531
35057,평촌입구,36.54709,127.20582
35010,대교1리(밤실입구),36.50224,127.20701
35009,대교1리(밤실입구),36.50234,127.20716
35050,장기초등학교,36.49667,127.20729
35006,금암리노인정,36.43813,127.2084
35007,금암리노인정,36.43827,127.2085
35033,용암1리마을회관,36.54878,127.20851
35041,금암리(웅대원룸),36.44168,127.20892
35003,영상마을아파트,36.44327,127.20992
35030,금암리(정보마을영조아파트),36.44864,127.2104
35029,금암리(정보마을영조아파트),36.44884,127.21055
35011,대교리,36.50069,127.21053
35001,금암리(그린원룸),36.45103,127.21064
35022,금암리(어반스테이),36.44591,127.21077
35062,한국영상대학교,36.46158,127.21124
35034,용암2리마을회관,36.56224,127.21266
35018,봉안리(부일가든),36.50061,127.21556
35037,용암2리입구,36.5519867,127.2154951
35043,은용1리,36.49328,127.21577
31007,수왕초등학교,36.54498,127.25486
31029,수왕초등학교,36.54508,127.25503
31006,눌왕1리(도덕농장),36.54496,127.25815
31005,눌왕1리(도덕농장),36.54482,127.25815
31056,"해밀동,산울동",36.528653,127.2638902
34085,용담리(32사 방면),36.42269,127.28438
34084,용담리,36.42278,127.28449
34041,도암리입구,36.44731,127.28557
34039,도암리입구,36.44691,127.28575
34005,감성초등학교,36.44355,127.28742
34046,두만리(산동마을),36.43671,127.2877
34003,감성초등학교,36.44337,127.28774
34004,감성리(32사 방면),36.44005,127.28813
34002,감성리,36.440359,127.2883289
34043,두만2리,36.42736,127.29114
34075,송림사입구,36.43899,127.29402
34074,송림사입구,36.43892,127.29418
34095,축산리마을회관,36.44161,127.30045
34096,축산리마을회관,36.44147,127.3008
34093,축산리,36.43995,127.30652
34094,축산리,36.43975,127.30656
34068,선화원,36.44382,127.31329
34009,금천1리,36.44221,127.31358
34015,금천1리,36.4421,127.31367
34014,금천1리,36.44227,127.31377
34020,남곡리마을회관,36.47028,127.31391
34017,금천1리마을회관,36.4421,127.3155
34016,금천1리마을회관,36.44226,127.3156
34101,황용2리,36.4745,127.3184
34018,금천2리마을회관,36.43823,127.31981
34064,새나루마을1단지,36.48595,127.32072
34097,황용리(황용1교),36.47964,127.32127
34013,새나루마을8단지,36.4892,127.32362
34012,새나루마을8단지,36.48908,127.32385
34066,새나루마을9단지,36.4908651,127.3243797
34067,새나루마을9단지,36.4908357,127.3247427
34103,황용교,36.481796,127.323949
34102,황용교,36.482016,127.324181
34107,황용리,36.48062,127.32678
34058,산학연클러스터,36.497241,127.330506
34055,세종이음학교,36.4988902,127.3363593
34106,황용리삼성복지회관,36.48021,127.32967
34056,세종이음학교,36.4991726,127.3365082
33034,부강삼거리,36.52776,127.37218
33053,행산리,36.55633,127.37314
33052,행산리(미건산업입구),36.5575,127.37354
33031,부강면생활체육관,36.52758,127.37381
33022,문곡1리,36.52709,127.37805
33042,문곡1리,36.52727,127.37843
33048,등곡3리(충광농원),36.51333,127.38231
33049,등곡3리(충광농원),36.51325,127.3826
33023,세종미래고등학교,36.52808,127.3833
33043,세종미래고등학교,36.52812,127.38392
33020,등곡리,36.50773,127.38487
33019,등곡리,36.50735,127.38499
33025,문곡3리,36.52847,127.38761
33024,문곡3리,36.52858,127.38782
33016,매포역(노호2리),36.49753,127.39272
33021,매포역(노호2리),36.49737,127.39305
33012,문곡2리,36.52978,127.39637
33013,문곡2리,36.52966,127.39645
33015,노호1리,36.49517,127.39858
33014,노호1리,36.495,127.39872
33018,등곡2리,36.49376,127.40229
33017,등곡2리,36.49386,127.40245
39009,소정3리,36.7121,127.14863
39022,운당2리,36.7057756,127.1489661
39008,소정2리(넉바위),36.7169634,127.1506341
39023,운당1리,36.6979,127.15261
39001,KCC앞,36.70867,127.15287
39017,소정면우체국,36.71422,127.15471
39018,소정면우체국,36.7143,127.15486
39013,소정리역,36.71895,127.1566
39015,소정면사무소,36.72173,127.15762
39016,소정면사무소,36.72149,127.15766
39011,소정리입구,36.712119,127.153895
39025,소정리,36.72478,127.15813
39006,대곡4리,36.72556,127.15982
39014,소정육교(맹골),36.72646,127.16173
39020,소정육교(맹골),36.7271,127.16202
39019,소정육교,36.72718,127.16312
39003,고등1리마을회관,36.71543,127.19507
39002,고등1리마을회관,36.71551,127.19521
31026,수산리,36.5408579,127.2307892
31028,수산리(방아다리),36.54452,127.23693
31010,눌왕2리,36.54384,127.24391
31012,눌왕2리,36.54346,127.24441
31008,눌왕2리마을회관,36.5442,127.24662
31009,눌왕2리(푸른농원),36.54602,127.24922
31013,눌왕2리(푸른농원),36.54592,127.24938
11002,고려대학교,36.61076,127.29344
11038,조치원청사,36.59287,127.29349
11084,침산리,36.60717,127.29378
11037,조치원청사,36.59201,127.2938
11083,침산리,36.60684,127.29397
11004,세무서 출장민원실,36.60607,127.29412
11016,번암삼거리,36.58365,127.29409
11015,번암삼거리,36.58401,127.29416
11030,새주막거리,36.61256,127.29455
11057,욱일아파트,36.60238,127.29482
11055,조치원역뒤편,36.599727,127.2951059
11085,조치원역뒤편,36.60061,127.29509
11077,죽림리,36.59645,127.2957
11078,죽림리,36.59662,127.29091
11017,번암아파트,36.58577,127.29582
11018,번암아파트,36.5866993,127.2971748
11035,세종고등학교,36.61024,127.29666
11040,신동아아파트,36.59199,127.29667
11034,세종고등학교,36.61017,127.2968
11041,신동아아파트,36.59221,127.29698
11069,세종중학교,36.60591,127.29721
11070,세종중학교,36.60578,127.29741
11039,세종우체국,36.60296,127.29789
11062,조치원전통시장,36.599942,127.29819
11063,조치원전통시장,36.59898,127.29861
11075,죽림리,36.59078,127.29892
11076,죽림리,36.59127,127.29897
11072,조치원버스터미널,36.6024592,127.3035236
35016,봉안리(다름고개),36.4990185,127.2291006
34035,도남리,36.44575,127.23259
34034,도남리,36.44587,127.23284
34036,금강수목원(산림박물관),36.43782,127.23549
34037,금강수목원(산림박물관),36.4378,127.23567
34087,원봉1리,36.44815,127.23738
34086,원봉1리,36.45007,127.23924
34089,원봉2리,36.44738,127.24399
34090,원봉2리마을회관,36.44547,127.2468
34069,성강리,36.42239,127.25092
34071,성강리마을회관,36.41316,127.25331
34077,영곡2리,36.45872,127.2553
34076,영곡2리,36.44812,127.25838
34078,영곡리,36.45172,127.26405
34072,성덕1리,36.46097,127.26644
34001,국곡리32사단,36.427,127.26875
34007,국곡리,36.42802,127.27674
34008,국곡리,36.42818,127.27676
11051,봉산리(국제기계),36.61816,127.27034
11050,봉산리(국제기계),36.61812,127.27049
11028,봉산리(윗말),36.61172,127.27374
11009,봉산리(윗말),36.61174,127.27389
11023,봉산리(중뜸),36.60959,127.27518
11020,봉산리(중뜸),36.60936,127.27516
11012,방축골(갑부농원),36.60075,127.27606
11022,봉산1리,36.60484,127.27739
11021,봉산1리,36.60486,127.27756
11025,봉산1리마을회관,36.60681,127.27801
11024,봉산1리마을회관,36.60694,127.27798
11026,봉산리,36.6061,127.28081
11027,봉산리,36.60621,127.28092
11087,한마음효요양병원,36.63375,127.28309
11086,한마음효요양병원,36.63387,127.28325
11031,서창리,36.60512,127.28421
11032,서창리,36.60526,127.28432
11052,세종시민체육관,36.59455,127.28477
11036,세종시민체육관,36.59468,127.28478
11049,신안리마을회관,36.61655,127.28695
11033,신안리마을회관,36.61637,127.28719
11066,세종여자고등학교,36.60638,127.28828
11065,세종여자고등학교,36.60653,127.28837
39021,운당2리,36.7058276,127.1497944
11073,조형아파트,36.63471,127.28878
11074,조형아파트,36.63441,127.28884
11005,구렁말,36.61737,127.28887
11047,신안2리입구,36.62874,127.28909
11048,신안2리입구,36.62926,127.28909
11080,중앙요양병원,36.614,127.2894
11079,중앙요양병원,36.61411,127.28953
11043,신봉초등학교,36.60283,127.28966
11053,신흥주공아파트,36.5951,127.28973
11054,신흥주공아파트,36.59523,127.28973
11067,세종여자고등학교입구,36.6070144,127.2912647
11011,세종시문화예술회관,36.59869,127.29035
11089,홍익대학교,36.62188,127.29056
11010,세종시문화예술회관,36.598,127.29075
11061,자이아파트정문,36.58832,127.29073
11044,신안1리,36.61865,127.29091
11088,홍익대학교,36.62178,127.29072
11045,신안1리입구,36.61353,127.29121
11068,세종여자고등학교입구,36.6068434,127.2914161
11059,자이아파트,36.59083,127.29173
11058,자이아파트,36.59085,127.29192
11001,고려대학교,36.6108381,127.2930928
11093,조치원역,36.6013323,127.2970784
34082,용담1리(옹기마을),36.42655,127.28053
34083,용담1리(옹기마을),36.4267,127.28061
34010,금남면사무소,36.46423,127.28098
34011,금남면사무소,36.46472,127.28097
34033,용포리,36.46842,127.2813
34045,두만리,36.43423,127.28279
34044,두만리,36.4342,127.28305
34053,발산리,36.45638,127.28405
34054,발산리,36.45648,127.28418
32056,응암2리,36.55719,127.34201
32055,응암1리마을회관,36.54295,127.34252
32069,합강2리,36.51809,127.34261
32021,명학1리,36.5372,127.34346
32061,응암4리,36.55802,127.34467
32060,응암4리,36.55812,127.3448
32054,응암리(가마골),36.54116,127.34694
32045,용운사,36.51858,127.347
32036,명학리,36.53567,127.34787
32019,명학리,36.5355203,127.3492298
32016,명학2리(황룡사),36.52683,127.35145
32066,청정아파트,36.52924,127.35153
32075,명학2리(황룡사),36.52685,127.35158
32017,명학3리,36.53454,127.35168
32067,청정아파트,36.52908,127.35172
32064,청봉사,36.52218,127.3536
32058,응암3리입구,36.54687,127.35382
32057,응암3리입구,36.54694,127.35395
32059,응암3리입구,36.54658,127.35398
32015,명학2리(용당),36.52015,127.35409
36115,청라리,36.58827,127.19832
36114,청라2리,36.5926304,127.2092889
36113,청라2리,36.5928335,127.2093887
36065,쌍류보건진료소,36.59453,127.21345
36067,쌍류보건진료소,36.59467,127.21372
36066,쌍류리,36.5989,127.22171
36020,기룡리,36.57124,127.22424
36085,와촌3리(은암),36.55599,127.22458
36107,와촌3리(은암),36.55608,127.22474
36096,용암삼거리,36.5995848,127.227268
36094,용암리(금단마을),36.5944128,127.227644
36093,고복저수지,36.60423,127.22974
36095,고복저수지,36.60408,127.2298
36019,금박골,36.55686,127.22988
36092,용암리입구,36.60881,127.23234
36023,기룡정미소,36.5727,127.23243
36030,기룡리정미소,36.57266,127.23264
36086,와촌3리,36.55658,127.2332
36059,신대2리(송적골),36.59008,127.2332
36060,신대2리(송적골),36.59011,127.2335
36021,기룡리복지회관,36.57314,127.23419
36025,대륙테크놀로지,36.55642,127.23748
36026,대륙테크놀로지,36.55656,127.2375
36116,평전,36.57384,127.23765
36117,평전,36.57382,127.23827
36112,조치원노인전문병원,36.61157,127.23862
36082,영동부화장,36.57468,127.24063
36081,영동부화장,36.57498,127.24087
36005,고복2리,36.61318,127.24315
36004,고복2리,36.61349,127.24327
36118,기룡리(효교동),36.57669,127.24638
36089,와촌보건진료소,36.55668,127.24644
36090,와촌보건진료소,36.55657,127.24644
36109,고복리조각공원,36.61279,127.24778
36062,신대2리마을회관,36.58474,127.24801
36061,신대2리마을회관,36.58454,127.24817
36007,고복저수지입구,36.60976,127.24836
36088,와촌리(기와말),36.55682,127.2488
36087,와촌리(기와말),36.55695,127.24885
36009,고복리,36.60692,127.25073
36058,신대1리마을회관,36.58112,127.25147
36057,신대1리,36.57817,127.25147
36063,신대1리마을회관,36.5814876,127.2513956
36056,신대1리,36.57801,127.25158
36055,신대1리,36.57811,127.25175
36051,세종기숙학원,36.55689,127.252
35036,용암2리입구,36.5522218,127.2158015
35017,봉안리(부일가든),36.50016,127.21592
35002,금암삼거리,36.43837,127.21848
35008,금암삼거리,36.4382,127.2185
35019,산학리,36.49191,127.22186
35020,산학리,36.49187,127.22221
35015,봉안리,36.49892,127.22398
35013,동원주식회사,36.4881,127.22658
35014,동원주식회사,36.4889,127.22667
35021,영평사입구,36.47582,127.23838
35031,영평사입구,36.47564,127.23857
38012,베어트리파크,36.67207,127.21071
38013,베어트리파크,36.67203,127.21089
38035,흥진레미콘,36.65236,127.21365
38033,송성1리입구,36.6495494,127.2134708
38036,송성1리입구,36.6496282,127.2136204
38085,흥진레미콘,36.65265,127.21388
38037,송성2리입구,36.66242,127.21428
38038,송성2리입구,36.66261,127.21437
38040,송성3리마을회관,36.6379094,127.2172513
38010,미곡리,36.66429,127.21949
38011,미곡리,36.66418,127.21964
38002,개미고개,36.65799,127.22055
38001,개미고개,36.65797,127.22078
38073,청람리입구,36.6615,127.23251
38047,송정리,36.62505,127.2325
38074,청람리,36.65163,127.23286
38072,청람1리마을회관,36.65495,127.23318
38071,청람1리마을회관,36.65476,127.23347
38048,송정2리(구리골),36.62602,127.23617
38050,송정리(행골),36.6274,127.24115
38051,송정리(행골),36.62748,127.24134
38043,송정1리(상소골),36.62739,127.24411
38046,송정1리(상소골),36.62752,127.24412
38083,아람달동림권역체험관,36.6656,127.24464
38041,송정1리,36.6278,127.24617
38042,송정1리,36.62792,127.24628
38045,송정1리(권고조경),36.62849,127.25058
38044,송정1리(권고조경),36.62871,127.25064
38077,청송산업단지입구,36.66366,127.25556
38020,석곡리,36.6587466,127.2560505
38030,송곡2리(능골),36.62956,127.25671
38021,석곡리,36.6591135,127.2569277
38031,송곡2리(능골),36.62967,127.25687
38016,보덕2리마을회관,36.64401,127.25738
38079,청송리,36.66181,127.25736
38081,석곡리입구,36.65908,127.25977
38028,송곡2리,36.63014,127.26023
38029,송곡2리,36.63007,127.26045
38019,봉대리(평말),36.68073,127.26314
38018,봉대리(평말),36.68098,127.26305
38063,전동 복컴·면사무소·초등학교,36.65549,127.26387
38062,전동 복컴·면사무소·초등학교,36.65526,127.26404
38052,봉대리,36.68337,127.26512
38017,봉대리,36.68345,127.26529
38068,전동역,36.65419,127.26593
38025,송곡1리,36.6306,127.26601
38023,송곡1리,36.63073,127.26613
38067,전동삼거리,36.65346,127.26687
38064,전동삼거리,36.65378,127.2669
38066,전동삼거리,36.65356,127.26695
38065,전동삼거리,36.65369,127.26701
38027,송곡1리(예비군훈련장),36.62553,127.26835
38026,송곡1리(예비군훈련장),36.62545,127.26847
38024,송곡보건진료소,36.63065,127.26908
38008,노장농공단지,36.66071,127.27012
38007,노장농공단지,36.6609,127.27033
38069,조치원낚시터,36.67308,127.2706
38070,조치원낚시터,36.67291,127.27078
38057,심중2리입구,36.64988,127.27101
38060,심중2리입구,36.64999,127.27104
38089,세종시공원묘원,36.69282,127.27229
38088,세종시공원묘원,36.69279,127.27243
38005,노장3리,36.66938,127.2725
38004,노장2리,36.66327,127.27263
38003,노장2리,36.66316,127.27271
38015,보덕1리,36.6326,127.27317
38014,보덕1리,36.63252,127.2733
38054,심중1리,36.64451,127.27593
38053,심중1리,36.64456,127.27603
38055,심중2리입구,36.6575,127.28108
38056,심중2리,36.66544,127.29221
38058,심중2리,36.66531,127.29224
38061,심중리시민스포츠센터,36.6704,127.29874
37002,KCC앞,36.70852,127.15296
37070,유천리(어천),36.68803,127.16612
37069,유천리(어천),36.6879,127.16612
36108,전당골,36.58242,127.26832
39027,대곡리,36.7298387,127.1667903
51060,"가재마을9, 10단지",36.5018101,127.2525964
51061,종촌종합복지센터,36.5021148,127.2463449
51062,"종촌초등학교(가재마을1,2단지)",36.5020819,127.2425959
51063,고운중학교,36.5068832,127.2367283
51064,고운중학교,36.5060786,127.2377584
51065,"종촌초등학교(가재마을1,2단지)",36.5018836,127.2425854
51066,종촌종합복지센터,36.5019154,127.246929
51067,"가재마을9, 10단지",36.5015892,127.2525636
53017,"가락마을12,14단지",36.51301,127.2331115
53018,"가락마을12,14단지",36.5129521,127.2334076
52051,도램마을20단지,36.5174087,127.2649161
52052,"도램마을8,10단지",36.5119283,127.2595385
52053,"도램마을8,10단지",36.5121473,127.2599592
53019,온빛초등학교,36.5142997,127.2394674
53020,온빛초등학교,36.5140109,127.239312
53021,"가락마을17,18단지",36.5197921,127.2346313
53022,"가락마을17,18단지",36.5195051,127.2347603
53023,두루고등학교,36.5173734,127.2311308
53024,두루고등학교,36.5172342,127.2313602
53025,"가락마을10,13단지",36.5134794,127.2293797
53026,"가락마을10,13단지",36.513498,127.2296588
53027,"가락마을9,11단지",36.5106813,127.229892
53028,"가락마을9,11단지",36.5105636,127.2296299
53029,으뜸초등학교,36.5071605,127.2317021
53030,으뜸초등학교,36.5070383,127.231468
53031,고운동커뮤니티센터남측,36.5042791,127.2352687
53032,고운동커뮤니티센터남측,36.5043276,127.2347772
53033,가재마을7단지,36.5049528,127.248745
35091,"가락마을16,20단지",36.5156107,127.2391559
53046,"가락마을16,20단지",36.5155932,127.2394128
53047,"시립도서관,대법원등기정보센터",36.5114233,127.2412918
53048,"시립도서관,대법원등기정보센터",36.511388,127.241627
53049,"가락마을7,8단지",36.5051871,127.240274
57011,"법원.검찰청,경찰청",36.4869234,127.3019122
57012,"법원.검찰청,경찰청",36.4870803,127.3013703
57013,국책연구단지남측,36.4910378,127.3040175
57014,국책연구단지남측,36.492314,127.3043101
11097,번암아파트후문,36.5876866,127.2920412
51102,"호려울마을8,9단지",36.4796473,127.2960085
51103,"호려울마을8,9단지",36.4797747,127.296745
51104,"새샘마을1,2단지",36.4807836,127.298936
51105,"새샘마을1,2단지",36.480853,127.299974
31066,방공학교,36.5518391,127.2780081
51107,보람동.대평동,36.4749413,127.2807336
51108,보람동(해들마을),36.4746524,127.2805
51109,보람동(호려울마을),36.4757635,127.2817304
51110,보람동.대평동,36.4756055,127.2816359
51111,"시청,시의회,교육청,세무서",36.478356,127.288188
51112,"시청,시의회,교육청,세무서",36.478674,127.288769
51113,글벗중학교(새샘마을9단지),36.4906457,127.2986202
51114,글벗중학교(새샘마을9단지),36.4898882,127.2984603
51115,소담동 새샘마을,36.4824576,127.2972683
51116,소담동(새샘마을),36.4823772,127.2977039
51117,소담동 새샘마을,36.4826387,127.2977367
51118,소담동(새샘마을),36.4827102,127.2973234
51119,KDI(한국개발연구원),36.4808749,127.3078442
51120,한국개발연구원(KDI),36.4809787,127.3078831
11098,세무서 출장민원실,36.6059319,127.2939937
34112,성덕교차로,36.4606374,127.2776489
34113,성덕교차로,36.4607591,127.2776151
33056,부용농공단지,36.4922149,127.3624753
33057,부용농공단지,36.4923814,127.3622573
57015,세종고속시외버스터미널,36.4684658,127.2750069
57016,세종고속시외버스터미널,36.4682311,127.2748401
52055,세종소방서,36.5061458,127.2723231
51100,"세종우체국(남부서,보람초)",36.4802554,127.2931435
51101,"세종우체국(남부서,보람초)",36.4805387,127.2927688
31065,은하수공원,36.5326753,127.2453565
53050,"가락마을20,21단지",36.5175074,127.2407913
53051,"가락마을20,21단지",36.5172956,127.240792
32084,예양2리,36.5809703,127.3172654
32085,노송1리,36.5668063,127.3304159
35082,장군면복지회관,36.4991636,127.2080709
35083,장군면복지회관,36.4990494,127.2081953
35084,평기리,36.5230569,127.1992142
35085,평기리,36.5230746,127.1990689
35086,송학리입구,36.5356909,127.1932746
51106,다정동(장기로),36.4998106,127.2345693
35087,대전공원묘역입구,36.4531706,127.2246903
35088,대전공원묘역입구,36.452883,127.2250763
35089,도남삼거리,36.4413461,127.2242355
35090,도남삼거리,36.4412701,127.2245036
33060,금호리,36.4937086,127.3696419
36006,고복저수지입구,36.60938,127.24855
36010,고복리,36.607,127.25112
38039,송성3리(솔티),36.63605,127.2174
38009,청람리(동막골),36.64433,127.23168
38076,청람리,36.65165,127.23274
38049,송정2리(구리골),36.62618,127.23619
38082,아람달동림권역체험관,36.66548,127.2448
38078,청송산업단지입구,36.6638,127.25523
38080,청송리,36.66176,127.25721
38006,노장3리,36.66932,127.2727
38059,심중2리입구,36.65736,127.2811
38084,충정사,36.64,127.21725
37067,유천리,36.68628,127.16919
37015,다방2리마을회관,36.59749,127.17442
37032,부거실(아랫마을),36.62598,127.19015
37027,덕고개,36.6803,127.19145
37086,한국콜마,36.68079,127.19353
37073,전의중학교,36.68047,127.19682
37065,원성리(죽근마을),36.67609,127.19916
37043,성호아파트,36.68191,127.20441
37045,신방2리마을회관,36.676,127.20598
36015,국촌2리마을회관,36.57578,127.26507
36069,쌍전리(우리요양원),36.57809,127.26937
36012,국촌1리,36.57319,127.27255
36035,대원아파트,36.55839,127.27835
36033,대원아파트후문,36.56134,127.28143
36024,농업기술센터,36.57213,127.28354
36075,봉암2리마을회관,36.55973,127.28701
35054,평기리(아랫말),36.50652,127.19951
35040,용현리,36.54313,127.20479
35058,평촌입구,36.54716,127.20595
35032,용암1리마을회관,36.54893,127.20846
35063,영상마을아파트,36.44304,127.20993
35005,금암리(솔정자),36.4553,127.21109
35035,용암2리마을회관,36.56213,127.21282
31025,세종호수공원,36.50234,127.27744
31035,양화2리,36.51038,127.28438
31047,진의리,36.50488,127.28533
31040,양화리,36.50364,127.29214
31030,시청별관입구,36.52985,127.29481
32029,송용3리,36.56038,127.30372
32032,송용3리(신촌),36.568869,127.308161
32053,용호동(구판장),36.539243,127.31153
51019,신촌리,36.47375,127.28835
34019,"장영실고등학교,호탄리(안터)",36.47755,127.29868
51027,장재1리,36.479397,127.308355
52047,"범지기마을6,11단지",36.51045,127.2498
52017,어진중학교(한뜰마을4단지),36.4989327,127.2549113
52032,정부세종청사남측,36.5016046,127.2601032
52035,정부세종청사북측,36.5051501,127.261382
11046,신안1리입구,36.61372,127.29104
11019,번암아파트후문,36.58772,127.29233
34063,영치리,36.45043,127.30817
34021,남곡리마을회관,36.4704,127.31377
34100,황용2리,36.47452,127.31857
34065,새나루마을1단지,36.48592,127.32104
34104,황용리,36.48109,127.3239
34057,산학연클러스터,36.497569,127.33027
34105,황용리삼성복지회관,36.48012,127.32997
34052,박산리,36.47721,127.3546
34050,박산고개,36.47503,127.36245
33006,금호2리공단입구,36.5038391,127.3578931
33047,저산리,36.56182,127.36194
33046,저산2리,36.56219,127.36536
33026,부강면,36.529988,127.3660445
33028,부강9리,36.51915,127.36818
33004,금호리,36.49383,127.36967
32011,노송1리(노리미),36.5693111,127.3281964
32062,응암농공단지,36.5457,127.33441
32026,명학산업단지,36.53905,127.34013
32070,합강2리,36.51823,127.3428
32044,용운사,36.51838,127.34674
32020,명학리,36.53579,127.34803
32018,명학3리,36.53472,127.35163
32065,청봉사,36.52228,127.35368
36120,효방동,36.55671,127.23311
36022,기룡리복지회관,36.57304,127.23437
36111,조치원노인전문병원,36.61154,127.23835
36119,기룡리(효교동),36.57654,127.24621
36110,고복리조각공원,36.61275,127.2476
52039,성금교차로(세종포스트빌딩),36.5079451,127.2615354
52001,도램마을9단지,36.5084834,127.2624829
52013,문화체육관광부,36.49815,127.2644
52012,문화체육관광부,36.49931,127.26472
52038,정부세종청사 중앙동,36.50222,127.26608
52037,정부세종청사 중앙동,36.50168,127.26609
52003,공정거래위원회,36.50435,127.26735
52005,"양지중학교(한뜰마을1,2단지)",36.50712,127.26767
52044,국무조정실(한뜰마을3단지),36.50408,127.27115
52045,국무조정실(한뜰마을3단지),36.50383,127.27132
52002,공정거래위원회,36.504461,127.267198
52041,가재마을5단지.가온마을6단지,36.49915,127.24736
52042,가재마을5단지.가온마을6단지,36.4994482,127.2466099
52046,"가재마을11,12단지",36.50441,127.25174
51043,첫마을5단지,36.4777,127.25004
51040,첫마을4단지,36.48019,127.2516
51041,첫마을4단지,36.47998,127.25203
51044,첫마을6단지,36.47542,127.25308
51046,한솔중학교(첫마을7단지),36.47538,127.25558
51047,한솔중학교(첫마을7단지),36.47491,127.2557
51035,첫마을1단지,36.48334,127.25863
51038,첫마을3단지,36.47821,127.26117
37074,전의산업단지,36.70105,127.21057
37029,동교리,36.67077,127.21704
37085,하노곡,36.701999,127.2295429
51024,열병합발전소,36.46547,127.24502
51026,가람동(이마트앞),36.47062,127.25208
51009,새롬동.나성동,36.48771,127.25729
38075,청람리입구,36.66142,127.23228
37021,달전1리,36.63112,127.1745
34024,달전리마을회관,36.46223,127.34918
36002,고복1리마을회관,36.60506,127.25748
31052,"해밀동,산울동",36.5285405,127.2639687
31051,"해밀동,산울동",36.5296733,127.2646746
31055,"해밀동,산울동",36.52963,127.26478
31001,연기산업단지,36.54369,127.26673
31002,연기산업단지,36.54374,127.26691
31045,세종소방서,36.5064705,127.2724317
31043,연기면사무소,36.5423,127.27405
31042,연기면사무소,36.5415,127.27434
31044,연기면사무소,36.54241,127.2744
31004,한별동,36.5340119,127.275216
31054,한별동,36.53377,127.27527
31053,한별동,36.5341,127.27661
31003,한별동,36.5338388,127.2766576
31020,연기리,36.54431,127.27681
31021,연기리,36.54482,127.27714
31032,실광주유소,36.55443,127.27724
31016,실광주유소,36.55361,127.27738
31015,실광주유소,36.55469,127.27737
31024,세종호수공원,36.50216,127.27738
31017,방공학교,36.55202,127.27817
31019,보통2리,36.54867,127.27837
31018,보통2리,36.54869,127.27849
31041,연기2리마을회관,36.54216,127.28017
31036,양화2리,36.5102,127.28444
31048,진의리,36.50483,127.28517
31050,진의리입구,36.5042,127.28513
31037,양화3리,36.50477,127.2868
31038,양화3리,36.5049,127.28698
31014,보통1리마을회관,36.54493,127.29008
31039,양화리,36.50375,127.29226
31022,세종시청별관,36.52665,127.29451
31023,세종시청별관,36.52647,127.29468
31031,시청별관입구,36.52952,127.29547
31034,양화1리,36.5031,127.29554
31046,월산리,36.519178,127.31163
32030,송용3리,36.560329,127.303813
32001,예양2리(강촌),36.57658,127.308
32031,송용3리(신촌),36.56901,127.30807
32002,예양2리(강촌),36.576819,127.308115
32047,용호1리,36.53951,127.30896
32046,용호1리,36.539621,127.309043
32022,문주리,36.5469871,127.3103846
32052,용호동,36.53916,127.31142
32038,예양리(강촌입구),36.580326,127.312387
32049,용호2리,36.5373,127.31352
51017,다정동(대성고등학교),36.4938571,127.2561857
51015,다정동,36.4939251,127.2563976
51011,세종고속시외버스터미널(지상),36.469265,127.2738136
51012,세종고속시외버스터미널(지상),36.4693014,127.2740033
52010,도담동(도램마을),36.5149714,127.2587943
52009,도담동,36.51483,127.25896
52008,도담동,36.5140662,127.259188
52007,도담동(도램마을),36.514017,127.2593948
52040,성금교차로(도램마을9단지),36.5091666,127.2615149
52006,"도담초,중,고등학교",36.51335,127.26347
52021,"도램마을14,15단지",36.51233,127.2668
52026,양지중학교,36.50843,127.26785
51032,한국조세재정연구원,36.49277,127.30037
51033,한국조세재정연구원,36.49285,127.30063
51031,장재리(태련암입구),36.480076,127.312459
51030,장재리(태련암입구),36.480213,127.312432
51006,장재리(길재고개),36.48083,127.31665
51005,장재리(길재고개),36.48096,127.31679
51003,금남초등학교,36.47133,127.28601
51020,금남초등학교,36.47197,127.28629
51018,신촌리,36.47344,127.28809
51050,호탄리,36.47643,127.29645
51051,호탄리,36.47625,127.29646
51004,"장영실고등학교,호탄리(안터)",36.47765,127.29841
51028,장재리,36.4787,127.30443
51029,장재리,36.47855,127.30451
51002,한국개발연구원(KDI),36.48246,127.30716
51001,한국개발연구원(KDI),36.4825782,127.3074549
52024,아름중학교,36.5147556,127.2447664
52023,아름동커뮤니티센터,36.51182,127.24733
52043,범지기마을4단지,36.5083875,127.2499679
52025,아름초등학교,36.5147,127.25062
52020,범지기마을10단지,36.51879,127.25226
52014,연양초등학교,36.50352,127.25584
52019,어진중학교(한뜰마을4단지),36.4986553,127.2550362
52018,다정동,36.49491,127.25649
52031,정부세종청사남측,36.5008322,127.2593406
52030,정부세종청사남측,36.50173,127.25991
52016,중소벤처기업부,36.49753,127.26038
52015,중소벤처기업부,36.49776,127.2605
52033,정부세종청사북측,36.504176,127.2611617
52034,정부세종청사북측,36.5048938,127.2616877
52036,정부세종청사북측,36.5050692,127.2615051
36123,연서초등학교,36.58198663,127.2537284
35067,송문리(원송정),36.513646,127.190932
39010,소정리입구,36.71191,127.15392
39012,소정리역,36.71885,127.1567
39005,대곡1리,36.72607,127.15941
39007,대곡리,36.7296,127.16673
31027,수산리(방아다리),36.54436,127.23691
31011,눌왕2리마을회관,36.54452,127.24683
11071,조치원역,36.60099,127.29713
11014,번암리,36.5884,127.29841
11090,효성세종병원,36.59705,127.29895
34038,도남리마을회관,36.44309,127.23341
35072,봉안리(다름고개),36.4992393,127.2290775
31061,은하수공원,36.5325085,127.2453325
32083,문주리,36.5469422,127.310502
34088,원봉1리마을회관,36.45129,127.23931
34070,성강리마을회관,36.41255,127.25409
34073,성덕2리,36.45575,127.26691
11006,구렁말,36.61749,127.28889
11082,신안2리(안터),36.62652,127.28975
11081,신안2리(안터),36.62633,127.28994
51057,"가재마을7,12단지",36.50648333,127.2496233
51056,"도램마을16,19단지",36.51484,127.2660717
51053,세종고속시외버스터미널,36.46881,127.2735046
37099,읍내리,36.68155663,127.2041234
37092,사관정,36.69893829,127.2101017
37090,달전2리입구,36.62688996,127.17495
38087,심중2리입구,36.64964163,127.2714234
38086,보덕리입구,36.64441163,127.2608067
35070,용현리(효도마을),36.54025333,127.202295
35069,송학리입구,36.5357227,127.1933862
35068,송문리(원송정),36.513728,127.190959
35066,송문리,36.51766839,127.1936835
35065,송문리,36.51757353,127.1937051
36122,신대리,36.58100729,127.2516982
32082,합강1리,36.52139333,127.327515
32081,합강1리,36.52139329,127.327515
32080,용호3리입구,36.5377094,127.3213164
32078,삼성전기,36.53729,127.33576
32077,북측환승터미널,36.53712333,127.3039467
32076,북측환승터미널,36.53678667,127.3038433
31059,누리동,36.53432833,127.2880267
31058,누리동,36.53436,127.2870167
31057,누리동,36.5341,127.292158
33055,행산리입구,36.560275,127.3725783
33054,산수리,36.55633667,127.3581367
34108,황용리(황용1교),36.4797727,127.3214339
11092,죽림리,36.5966487,127.2958117
11091,조치원버스터미널,36.6026983,127.3036683
37077,재동아파트,36.67954,127.20667
37035,사관정,36.69888,127.21024
37007,상대부(쌍태울),36.71258,127.21146
37009,중대부,36.70502,127.21236
37008,중대부,36.70488,127.21246
37028,동교리,36.67078,127.21719
37050,신정2리,36.69472,127.21988
37001,달계리,36.69794,127.22103
37083,종성골,36.69603,127.22178
37084,하노곡,36.7020569,127.2293252
37013,노곡리종점,36.70046,127.23454
51022,열병합발전소,36.46506,127.24523
51021,열병합발전소,36.46513,127.246
51023,열병합발전소,36.4654,127.24613
51025,가람동(이마트앞),36.47061,127.2518
52028,은하수공원,36.53181,127.244421
52027,은하수공원,36.532563,127.243964
51016,다정동(대성고등학교),36.4938489,127.2565765
51010,"새롬동,나성동(청소년센터)",36.4877395,127.2571293
51007,"새롬동,나성동(청소년센터)",36.48685,127.25785
51008,새롬동.나성동,36.4868848,127.2579693
51034,첫마을1단지,36.48385,127.2592
51049,한솔동,36.4810822,127.2617829
51048,한솔동,36.48034,127.26243
11029,새주막거리,36.61236,127.29459
52029,정부세종청사남측,36.5008869,127.2596196
51042,첫마을5단지,36.47762,127.24973
51045,첫마을6단지,36.47503,127.25326
51039,첫마을3단지,36.478,127.26135
34032,용포리,36.46863,127.28135
51055,"도램마을16,19단지",36.51532,127.2659733
37091,대추리,36.69343329,127.2057917
35071,용현리(효도마을),36.5403123,127.2022621
35064,봉안리,36.4990546,127.2213088
32079,용호3리입구,36.5376101,127.3212384
31060,연기3리(개골),36.53776333,127.2849333
34109,두만2리,36.42572663,127.2919517
64008,조치원전통시장북측,36.6014294,127.3000769
51094,국책연구단지북측,36.4955579,127.3033473
51095,국책연구단지북측,36.4959817,127.3034244
51096,"시청,시의회,교육청,세무서",36.478188,127.288035
51097,"시청,시의회,교육청,세무서",36.478828,127.288963
36131,세종기숙학원,36.5568692,127.2522366
37097,달전리,36.633804,127.1755319
37098,달전리,36.6336684,127.1754206
53034,"가재마을5,8단지",36.5004747,127.2498627
53035,"가재마을5,8단지",36.5009207,127.2497831
51071,세종충남대병원,36.5186505,127.2570215
51072,세종충남대병원,36.5187208,127.2561613
51073,아름중학교,36.5149519,127.2450874
53037,고운동커뮤니티센터북측,36.5203767,127.2376669
53038,대법원등기정보센터,36.5121017,127.2423505
51098,다정동(장기로),36.4999845,127.2345564
53039,다빛초등학교(가재마을1단지),36.4997313,127.2424127
51099,다빛초등학교(가온마을3단지),36.4995152,127.2425474
53015,"고운초,중학교",36.5041088,127.2377428
53016,"고운초,중학교",36.50409,127.237419
53040,범지기마을1단지,36.5089857,127.242171
53041,범지기마을1단지,36.5087261,127.2430206
53042,대법원등기정보센터,36.5118935,127.2423344
53043,가재마을11단지,36.5043789,127.2501706
51125,"가온마을4,7단지",36.4912295,127.2498109
51126,"새뜸마을7,10단지",36.4898819,127.2499045
51127,새롬동커뮤니티센터,36.4858496,127.2508553
51128,새롬동커뮤니티센터,36.4851331,127.2509413
51129,"새뜸마을5,8단지",36.4825015,127.2535174
51130,"새뜸마을5,8단지",36.4823928,127.2532777
53014,범지기마을10단지북측,36.5190968,127.2483697
52050,"도담초,중,고등학교",36.5129599,127.2627351
35076,김종서장군묘,36.5202519,127.2110666
35077,김종서장군묘,36.5202432,127.211223
37011,금사리,36.60976,127.17305
36097,용암삼거리,36.59958,127.2271
51054,도램마을20단지,36.517445,127.264615
11056,욱일아파트,36.6013523,127.2948263
33045,아시아제지기숙사,36.49114,127.36665
35042,은용1리,36.49338,127.21585
37049,신정1리,36.69158,127.21464
37046,신방2리마을회관,36.67611,127.2063
35004,금암리(사기정골),36.45775,127.21181
31049,진의리입구,36.50418,127.28527
32014,명학1리,36.53703,127.34345
39024,운당1리,36.69865,127.15205
11013,방축골(갑부농원),36.60033,127.27599
52022,아름동커뮤니티센터,36.51163,127.24741
38032,송곡보건진료소,36.63079,127.26911
51052,세종고속시외버스터미널,36.4689905,127.2735878
34040,도암리,36.4457,127.27562
34042,도암리마을회관,36.44374,127.27825
36064,쌍류리,36.59901,127.22186
36043,성제2리,36.5914,127.26196
38034,송성1리,36.6450778,127.2168302
37012,노곡리,36.70061,127.23461
33009,금호3리,36.5095,127.3651
32050,용호3리,36.53647,127.31757
35012,대교리,36.50109,127.21121
31033,양화1리,36.50295,127.29549
37037,서정1리마을회관,36.68799,127.19201
11042,신봉초등학교,36.60169,127.29016
38022,석곡리입구,36.65926,127.25977
39004,고등2리,36.70594,127.18845
36091,용암리입구,36.60879,127.23249
51058,정부세종청사스포츠센터,36.5063018,127.2584839
51070,국책연구단지동측,36.4962106,127.3055955
51074,"범지기마을8,12단지",36.5125038,127.2504125
51075,아름초등학교,36.5153587,127.2511516
51076,범지기마을10단지,36.5185438,127.2524761
51077,국책연구단지동측,36.496012,127.3054286
34114,봉암리,36.4164076,127.2771281
34115,봉암리,36.4164799,127.2772171
34116,송곡2리,36.4126903,127.2684388
34117,송곡2리,36.4126093,127.2685171
35078,송학1리(전원마을),36.5277745,127.1842189
35079,송학1리(전원마을),36.5276983,127.1843756
35080,송학삼거리,36.5349806,127.192272
35081,송학삼거리,36.534972,127.1924396
53036,고운동커뮤니티센터북측,36.5200871,127.2377731
35074,대교1리경로당,36.5167477,127.2084717
35075,대교1리경로당,36.5167791,127.2083934
53002,고운고등학교,36.5089377,127.2342422
53003,가락초등학교,36.5156123,127.2337503
53004,가락초등학교,36.5156976,127.233616
53005,두루중학교,36.5173305,127.2381952
53006,두루중학교,36.5174909,127.2373346
53007,"두루초,중학교",36.5191814,127.2394622
53008,"두루초,중학교",36.5187165,127.2391789
53009,가락마을22단지,36.5200447,127.2405762
53010,가락마을22단지,36.5201811,127.2411119
53011,"범지기3,9단지(청소년센터)",36.518782,127.2444672
53012,"범지기3,9단지(청소년센터)",36.5189667,127.2449384
53013,범지기마을10단지북측,36.5189898,127.2489006
53001,고운고등학교,36.509267,127.2343639
11099,조치원전통시장북측,36.6015602,127.2996293
33058,복지회관,36.5271885,127.3698136
33059,가톨릭꽃동네대학교,36.5243046,127.3986812
31064,월산리,36.5191921,127.3118028
53044,"가락마을7,8단지",36.5055858,127.2395189
53045,어진동커뮤니티센터,36.5018632,127.2569568
52054,어진동커뮤니티센터,36.5018096,127.2571579
35013,대교리,36.5009348,127.210551
35015,대교리(정계),36.50918708,127.2175111
36142,금박골,36.556931,127.22984
36151,쌍전리,36.5750779,127.2726146
39020,소정육교(맹골),36.72712998,127.1620038
59028,보건복지부 고용노동부,36.5024356,127.2609046
59029,보건복지부 고용노동부,36.5022146,127.2608383
39031,고등2리,36.7060526,127.1885841
11413,신안2리(안터),36.6255593,127.2898368
11414,신안2리(안터),36.6256268,127.2897583
35063,영상마을아파트,36.4951389,127.1890242
35064,하봉저수지,36.4950082,127.1890582
59030,반곡동(수루배마을),36.497338,127.310767
59031,반곡동(수루배마을),36.497847,127.312253
51132,"국무조정실,공정거래위원회",36.503297,127.269712
51133,"기획재정부,농림축산식품부",36.505439,127.266501
38094,깊은내길,36.646477,127.268761
39032,동산산업,36.710329,127.147243
39033,운당교차로,36.705806,127.148932
39034,동산산업,36.710519,127.147184
38095,깊은내길,36.646415,127.268755
11094,신흥사거리,36.5944736,127.2912907
11095,신흥사거리,36.5944686,127.2909665
11096,효성세종병원,36.5972495,127.2987069
36124,용암리,36.601508,127.2278203
36125,용암리,36.6015212,127.2276693
36126,쌍류리입구,36.5966178,127.2183175
36127,쌍류리입구,36.5968888,127.2185402
36128,봉암3리,36.5561346,127.2726712
36129,봉암3리,36.5557656,127.2729852
31062,눌왕리(새터말),36.5454681,127.2625687
31063,눌왕리(새터말),36.5453054,127.2623793
36132,방축골,36.5945295,127.2773157
36133,신대2리(의넘어),36.5891565,127.2395123
36134,신대2리(의넘어),36.589008,127.2396078
36135,신대1리마을회관,36.581362,127.2516833
36136,쌍전리(창현),36.5800984,127.2808446
11102,삼일아파트,36.5950425,127.2970189
36137,성제삼거리,36.5888707,127.2646493
11103,번암아파트정문,36.586875,127.2944691
37100,상교동입구,36.6782443,127.2091842
37101,상교동입구,36.6783788,127.2089207
36138,세종장례식장,36.5713742,127.2821434
34120,성강리입구,36.4074242,127.2521543
34121,성강리입구,36.4073699,127.2520597
51036,한솔동(첫마을),36.4811358,127.2615539
51037,한솔동(첫마을),36.4812897,127.2618716
31067,보통1리마을회관,36.5447598,127.2901082
32086,응암3리,36.5479716,127.3532034
33061,행산1리,36.5525825,127.3725366
36139,생천경로당,36.6055624,127.2171389
51123,대평동(해들마을),36.4723006,127.2763096
51124,대평동(해들마을),36.4719176,127.2763944
39026,고등리,36.7076303,127.1920888
37094,관정리(현대농원),36.7015233,127.1975653
37095,유천리,36.6883326,127.161675
37096,유천리,36.6884408,127.1616745
51078,도램마을1단지,36.5078138,127.2572564
51079,범지기마을4단지,36.507833,127.2490874
51080,가락마을8단지,36.5089327,127.2405854
51081,"종촌고(가재마을3,4단지)",36.5050718,127.2436524
51082,문화체육관광부,36.4966718,127.2666425
51083,국립세종도서관정문,36.4991217,127.2678021
51084,국립세종도서관,36.5001938,127.2674639
51085,문화체육관광부(남측),36.4960299,127.2657345
36130,쌍전리,36.5751655,127.2727272
37093,전의산업단지(유상),36.6975439,127.2180449
51086,연양초등학교,36.5036909,127.2557674
51087,가재마을12단지,36.5048084,127.2512077
51088,가재마을7단지,36.5051417,127.2489733
51089,"종촌고(가재마을3,4단지)",36.5052447,127.2443833
51090,가락마을8단지,36.5087662,127.2407144
51091,가재마을12단지,36.5073176,127.2505017
51092,도램마을1단지,36.5075751,127.2573298
51093,"도램마을14,15단지",36.5108082,127.2669854
11105,삼일아파트,36.5949557,127.2969118
36140,봉암리,36.5612298,127.2844356
36141,봉암리,36.5618059,127.2851678
0,금강자연휴양림,36.43773994,127.2328047
0,금강자연휴양림,36.43784356,127.2328269
35092,봉안리,36.49935893,127.2190046
35093,봉안리,36.49926399,127.2190617
39037,금암리(웅대원룸),36.44176087,127.2088036
39036,금암리(어반스테이),36.44601649,127.2106385
39035,금암리(그린원룸),36.45112248,127.2105076
38098,금암리(솔정자),36.45532047,127.2112425
38092,송정리.세종요양병원,36.50214695,127.1785737
57020,"법원.검찰청,경찰청",36.486842,127.301429
57021,국책연구단지,36.4913263,127.304
57023,반곡동(수루배마을),36.497739,127.312279
57024,반곡동(수루배마을),36.497535,127.310959
11106,조치원버스터미널,36.6018992,127.3028932
11107,조치원버스터미널,36.6018765,127.3027591
34122,감성리,36.440161,127.288359
34123,박산리(작약골),36.4770044,127.3519196
34124,황용리,36.481345,127.323838
57019,"법원.검찰청,경찰청",36.487095,127.301744
32093,노송2리,36.57114,127.3261292
32094,응암2리,36.5572604,127.3416481
38099,금암리(사기정골),36.45776728,127.2119781
35014,대교리(정계),36.50926645,127.2175266
57025,국책연구단지,36.492195,127.304331
52057,과학기술정보통신부,36.496085,127.2630356
52058,과학기술정보통신부,36.4959777,127.2634881
35094,장기초등학교,36.4968405,127.2073985
32095,응암3리,36.5479444,127.3530917
32096,노송1리,36.5668778,127.3305923
33062,부강면생활체육관,36.5266749,127.374268
32097,송용1리마을회관,36.5641491,127.3263516
32098,송용1리마을회관,36.5642304,127.3264129
32099,송용리,36.5616519,127.3232337
32100,송용리,36.5617961,127.3232222
32101,응암1리마을회관,36.5428916,127.3426439
32102,응암리(영모재),36.5422497,127.3447065
32103,응암리(가마골),36.5411841,127.3467866
32104,응암리(우리종묘),36.539663,127.3451417
32105,응암리(영모재),36.5423399,127.3447566
32106,응암리(우리종묘),36.5395955,127.3452983
32107,명학2리(용당),36.5202645,127.3539706
32108,문주리입구,36.5481921,127.3112811
32109,문주리입구,36.5482424,127.3111782
32110,예양2리,36.580917,127.3165926
32111,예양2리,36.5808035,127.3166622
32112,예양리(강촌입구),36.5804101,127.3123797
32113,노송리,36.5626625,127.3358785
33063,부강산업단지입구,36.500533,127.3622629
32114,노송리,36.5627078,127.3360404
33064,부강산업단지입구,36.5008976,127.3618379
33065,부강산업단지,36.4983679,127.3649243
33066,부강산업단지,36.4982057,127.3650027
33067,금호2리공단입구,36.5040207,127.3582188
33068,갈산1리,36.5436985,127.3646969
61035,새롬고등학교(새뜸마을7단지),36.4869507,127.2492943
61036,새롬고등학교(새뜸마을7단지),36.4871399,127.2492546
37102,다방1리마을회관,36.6031132,127.189307
36143,쌍류초등학교,36.597535,127.208638
36144,쌍류초등학교,36.5976715,127.208475
37103,신흥리(사사),36.669438,127.194232
36145,쌍류리(월정마을),36.5952236,127.2177077
36146,쌍류리(월정마을),36.5952411,127.2174952
36147,용암리(금단마을),36.5944763,127.2278058
36148,고복저수지,36.5977479,127.2274533
51059,정부세종청사스포츠센터,36.5063112,127.2586961
36149,고복저수지,36.5977251,127.2273249
35097,용암2리,36.5599723,127.2125067
35098,용암2리,36.5599682,127.2126743
39028,세종첨단산업단지,36.7191773,127.1955466
39029,대교에이스,36.7177679,127.2003627
32115,행정리,36.6885967,127.1575524
32116,행정리,36.6887542,127.1574677
35099,용암2리입구,36.5523608,127.2154937
32117,내판2리,36.5526956,127.3252308
32118,내판2리,36.5525517,127.3254602
32119,연동중학교,36.5527497,127.3283481
32120,연동중학교,36.55293,127.3282919
60018,대평동커뮤니티센터,36.4724194,127.2790898
60019,대평동커뮤니티센터,36.4722476,127.2788336
53502,국민건강보험공단,36.5136059,127.2416967
53503,국민건강보험공단,36.5137042,127.2413334
52060,도램마을9단지,36.5086909,127.2625493
62001,소담고등학교(새샘마을5단지),36.4815502,127.3045326
62002,소담고등학교(새샘마을1단지),36.4815428,127.3027743
62003,새샘마을6단지,36.4852332,127.3036516
62004,새샘마을6단지,36.4848875,127.3033124
61042,다정중학교(가온마을4단지),36.4937133,127.2477261
61043,다정중학교(가온마을4단지),36.4936286,127.2481842
61044,새뜸마을14단지,36.4911744,127.2558346
61045,새뜸마을14단지,36.4909023,127.2550427
61046,"가온마을4,7단지",36.4915533,127.2494805
61047,새뜸마을10단지,36.4905735,127.2508178
61048,다정고등학교(가온마을1단지),36.4929776,127.2430447
61049,다정고등학교(가온마을1단지),36.4927929,127.2431235
61050,"가온마을2,3단지",36.4960541,127.2420575
61051,"가온마을2,3단지",36.4961754,127.2418338
61052,한결초등학교,36.4958942,127.2473673
61053,한결초등학교,36.4960562,127.2472552
62005,"수루배마을8,9단지",36.4981635,127.317689
62006,"수루배마을8,9단지",36.498118,127.3173877
62007,"반곡초,중학교",36.50145,127.3122098
62008,"반곡초,중학교",36.5012202,127.312255
62009,수루배마을1단지,36.498989,127.306082
62010,수루배마을1단지,36.498904,127.306358
52061,문화체육관광부,36.4967463,127.2664681
39030,소정리,36.7245035,127.1581344
61054,"새뜸마을1,2단지",36.4828783,127.2461704
61021,"가온마을6,9단지",36.498607,127.24896
61022,다정동커뮤니티센터,36.495506,127.249035
61023,다정동커뮤니티센터,36.494341,127.248799
52059,국립세종도서관정문,36.4991764,127.26764
61028,"가온마을6,9단지",36.4986116,127.2491786
61029,"새뜸마을5,6단지",36.4832363,127.2513939
61030,"새뜸마을5,6단지",36.4833939,127.2512762
61031,"새뜸마을1,2단지",36.4826015,127.2474552
61032,"새뜸마을1,2단지",36.4827907,127.2474155
61033,"가득초등학교(새뜸마을3,4단지)",36.4854282,127.2455481
61034,"가득초등학교(새뜸마을3,4단지)",36.4853374,127.2452246
37104,신정1리,36.6915871,127.2147544
37105,신정2리,36.6946059,127.219943
37106,종성골,36.6959446,127.2218636
37107,(주)레이크엘이디앞,36.6980972,127.2210106
37108,전의산업단지,36.7012593,127.2106772
61039,새롬중학교(새뜸마을1단지),36.4804553,127.249332
51131,새롬중학교(새뜸마을1단지),36.4802617,127.2494164
61040,새뜸마을4단지(가온마을1단지),36.4894565,127.2448371
61041,새뜸마을4단지(가온마을1단지),36.4895961,127.2447697
35100,산학리(주니어전문스쿨),36.4825063,127.232697
35101,산학리(주니어전문스쿨),36.4826597,127.2327579
61055,"새뜸마을1,2단지",36.4828552,127.2459137
61056,"새뜸마을3,4단지",36.4866304,127.2470123
61057,"새뜸마을3,4단지",36.4864817,127.2470741
52062,"한뜰마을1,2단지",36.506399,127.267947
253,소정2리(넉바위),36.71608574,127.1509366
57017,대평동,36.472267,127.276406
57018,대평동,36.472148,127.276445
36150,청라리,36.5882205,127.1984708
34119,금천2리마을회관,36.4383112,127.3199267
51121,세종고속시외버스터미널(지하),36.4708162,127.2731717
51122,세종고속시외버스터미널(지하),36.4706404,127.273189
52056,국립세종도서관,36.5003888,127.2675805
11104,홍익대학교,36.6209716,127.2903749
31068,세종예술고등학교,36.492489,127.268747
31069,세종예술고등학교,36.492432,127.268779
57026,장재1리,36.479548,127.308328
31070,연기2리마을회관,36.5423242,127.2802675
11411,번암리,36.588329,127.2986104
38090,송성3리(솔티),36.636109,127.2172432
38091,송정리,36.6252011,127.2325295
38092,청람리(동막골),36.6443571,127.2318088
31071,세종예술고등학교,36.492095,127.269558
31072,세종예술고등학교,36.492706,127.268917
61037,나릿재마을,36.4914044,127.2581439
61038,나릿재마을,36.4912197,127.2581891
58011,가락마을6단지,36.502547,127.238868
58012,가락마을6단지,36.5024695,127.2384071
34118,성강리,36.4223668,127.2507526
32121,내판리(외판1교),36.555932,127.323048
32122,내판리(외판1교),36.555994,127.32309
36153,쌍류리(수디산),36.609737,127.217233
53052,고운동(만남로),36.501134,127.236316
53053,고운동(만남로),36.500435,127.235985
32123,연동면 복합커뮤니티센터,36.555077,127.326537
32124,연동면 복합커뮤니티센터,36.555012,127.326823
57027,산학연클러스터,36.501718,127.328826
57028,산학연클러스터,36.500789,127.328331
57029,집현동,36.498135,127.322785
57030,집현동,36.497917,127.321985
31073,누리동,36.533978,127.29214
53054,세종누리학교,36.525453,127.242234
53055,세종누리학교,36.525623,127.242241
51134,주택성능연구개발센터,36.4686297,127.2415678
62011,수루배마을6단지,36.494364,127.318453
62012,수루배마을6단지,36.494546,127.318515
52063,한뜰마을3단지,36.504765,127.277736
51135,주택성능연구개발센터,36.4684392,127.2412886
35102,장기중학교후문,36.495592,127.203518
35103,장기중학교후문,36.495617,127.203627
51136,"새뜸마을7,10단지",36.48844,127.250695
62013,수루배마을4단지,36.501441,127.31419
62014,수루배마을4단지,36.501285,127.31406
62015,수루배마을3단지,36.500322,127.307365
62016,수루배마을3단지,36.500238,127.307661
51137,한국산업인력공단(세종지사),36.490395,127.256809
51138,한국산업인력공단(세종지사),36.4903,127.256369
51140,국책연구단지동측,36.495015,127.306198
51139,국책연구단지동측,36.495008,127.30666
51141,반곡차고지,36.496639,127.317551
51142,반곡차고지,36.496516,127.31785
51143,반곡고등학교,36.497411,127.316427
51144,반곡고등학교,36.497739,127.316291
52064,세종충남대학교병원,36.520517,127.259481
52065,세종충남대학교병원,36.521617,127.259736
64014,부강버스종점,36.526916,127.3696197
64032,장욱진화백탑비,36.5559269,127.3394987
64046,"나릿재마을 4,6단지",36.4916231,127.2611096
64059,세종예술의전당,36.4849259,127.266713
64089,봉암2교,36.5595678,127.2835256
64091,봉암리(봉암길),36.5578496,127.2847434
64110,연기리,36.5523851,127.2776127
64111,연기리,36.553186,127.2781373
38096,대전공원묘원,36.4519,127.2266
38097,대전공원묘원,36.452,127.2269
33069,응암2리마을회관,36.5534,127.3389
39038,송성1리,36.645081,127.217391
52068,해밀마을1단지,36.524978,127.2631843
52069,해밀마을1단지,36.5245725,127.263286
52071,원수산MTB공원,36.523357,127.2663781
52070,원수산MTB공원,36.5237808,127.2664048
57031,산학연클러스터,36.50184,127.32914
57032,산학연클러스터,36.50067,127.3279
57033,집현동,36.49804,127.32304
57034,집현동,36.49818,127.32136
64033,청미마을회관,36.6625624,127.2340451
64056,번암안동네,36.5845518,127.2925292
64060,세종예술의전당,36.484826,127.2662838
64061,양지고등학교,36.5074521,127.268335
64062,양지고등학교,36.50836,127.2664
64064,세종소방서,36.5061679,127.2722563
64075,등곡리(쌍용양회),36.5020407,127.3866584
64076,문곡리(호계마을),36.5288945,127.3933123
64077,문곡리(호계마을),36.5290048,127.3932318
64088,대전세종연구원,36.4894396,127.3023454
64093,"봉암리(봉암길,서원길)",36.5582417,127.2868999
64096,이응다리(금강보행교),36.4863,127.2825612
64097,이응다리(금강보행교),36.4865595,127.2823788
64009,수산리교차로,36.5378723,127.2340996
64010,수산리교차로,36.5382055,127.2339589
64048,"새나루마을9,10단지",36.49297,127.32451
64049,"새나루마을9,10단지",36.49296,127.32349
64050,응암3리,36.5362983,127.3486242
64051,응암3리,36.5361388,127.3486174
64052,평기교,36.5034383,127.202422
64053,평기교,36.5033477,127.2021484
64069,새나루마을10단지,36.4937474,127.3255569
64087,세종예술고등학교,36.4908067,127.2701107
64098,바른초등학교,36.5293754,127.2583137
64100,"산울마을7,8단지",36.5321419,127.2652344
64103,산울동커뮤니티센터,36.5332548,127.2619562
64104,산울동 산울고등학교,36.535935,127.2644083
64105,산울동 산울고등학교,36.5357583,127.2660176
64106,산울마을3단지,36.5260553,127.2592531
64107,산울마을3단지,36.525732,127.2587327
2348,조치원전통시장북측,36.6013651,127.2996963
32125,"진웅엠피아,재진가로등",36.538209,127.3364865
32126,"진웅엠피아,재진가로등",36.5383444,127.3366315
32127,명학2리,36.5236,127.35205
32128,명학2리,36.5238951,127.3519644
32129,응암3리마을입구,36.55073,127.35874
64019,다솜동,36.532531,127.3188316
64020,다솜동,36.5319968,127.3203074
64021,누리동,36.5342796,127.2936421
64022,누리동,36.5339416,127.2936765
64023,신흥3리,36.5956852,127.2907396
64024,신흥3리,36.5956318,127.2911254
64025,조치원 농협,36.592983,127.2869737
64026,조치원 농협,36.5928162,127.2869351
64027,신흥푸르지오,36.5915324,127.2899626
64028,신흥푸르지오,36.5913565,127.2899016
64073,한국개발연구원(KDI),36.4819656,127.3084015
64079,관정교,36.6921738,127.2023419
52066,세종충남대학교병원(후문),36.520501,127.259685
52067,세종충남대학교병원(후문),36.521691,127.259634
64011,다솜동,36.5317939,127.3202744
64012,다솜동,36.5319645,127.3198216
64065,전통문화체험관,36.5038919,127.2832104
64068,세종연구단지(수루배1단지),36.4960327,127.3053012
64078,관정교,36.6923538,127.2023473
64108,용호동,36.5365298,127.3113612
64109,용호동,36.5363568,127.3123309
64112,등곡삼거리,36.5172791,127.3788515
64113,등곡삼거리,36.5179956,127.3785076
64114,문곡리(범벅골),36.5279539,127.3955749
64117,용호동,36.5365242,127.3123125
64120,도램마을5단지,36.5181598,127.256533
64121,도램마을5단지,36.5179106,127.2561784
64122,늘봄초등학교,36.5141406,127.255785
64123,늘봄초등학교,36.5146509,127.2554888
64124,"도램마을1,2단지",36.5113335,127.2555407
64127,해들마을6단지,36.4754331,127.2771512
64128,해들마을6단지,36.4756927,127.276936
64129,"세종세무서,시청별관",36.4790321,127.2847192
53056,아름제2중(가락마을20단지),36.5165801,127.2413696
53058,가락마을8단지.가재마을4단지,36.5076818,127.2411758
53060,"종촌초등학교(가락마을6, 7단지)",36.5034395,127.2408773
53061,종촌초등학교(가재마을3단지),36.5038057,127.2413842
53059,가락마을8단지.가재마을4단지,36.5076286,127.2416171
53057,아름제2중(가락마을20단지),36.5166984,127.2418662
64031,월하리(패션아울렛),36.5735137,127.2903054
64034,반곡고등학교,36.4978363,127.3161531
64035,반곡고등학교,36.49733,127.31655
11108,조치원역,36.60099,127.29713
64074,등곡리(쌍용양회),36.5037501,127.3860039
64086,세종예술고등학교,36.4906518,127.2705183
64092,봉암리(봉암길),36.5577505,127.2846844
64099,바른초등학교,36.5289659,127.2577719
64101,"산울마을7,8단지",36.5321635,127.2655455
64102,산울동커뮤니티센터,36.5324359,127.2615592
64116,용호동,36.5364579,127.3112516
64131,"세종시청,금강보행교",36.4807267,127.2886721
64134,호려울마을10단지,36.4843529,127.2943667
64136,글벗초등학교(새샘마을4단지),36.4875727,127.2966502
64137,산학연클러스터(지원센터),36.5005464,127.328401
64138,가득초등학교정문,36.4883661,127.2441957
64139,가득초등학교정문,36.4883202,127.2437707
64151,조치원우체국,36.6020774,127.2852972
64152,조치원우체국,36.601868,127.2853443
64153,엘리프세종(조치원),36.6032116,127.2803017
64154,엘리프세종(조치원),36.6030738,127.2804573
64155,세종시교육청교육원,36.6047447,127.2852209
64156,세종시교육청교육원,36.6045948,127.2856334
64162,누리동기점지,36.5290162,127.2952436
64163,누리동기점지,36.5291514,127.2948186
64164,어진동행정복지센터,36.5011188,127.2560874
64165,어진동행정복지센터,36.5013843,127.2561366
64166,집현동기점지,36.4930617,127.3270546
64167,원성리(죽근마을),36.6760555,127.199558
51145,소담동새샘마을,36.484316,127.294478
51146,소담동새샘마을,36.483856,127.294281
57040,해밀고등학교,36.52621,127.27124
57039,해밀고등학교,36.5259544,127.2715644
57041,"나성중학교,나성초등학교",36.48943,127.26369
57042,"나성중학교,나성초등학교",36.49113,127.26272
64036,용포삼거리,36.4683,127.2822
64037,용포삼거리,36.46825,127.28234
64063,세종소방서,36.5064823,127.272369
64067,세종연구단지(수루배1단지),36.4962997,127.3055641
64072,새나루마을1단지(후문),36.4837674,127.3176229
64095,반곡고등학교,36.497378,127.3166309
64125,"도램마을1,2단지",36.5111653,127.2558786
64126,도램마을6단지,36.5086238,127.2605491
64130,"세종세무서,시청별관",36.4788561,127.2851048
64132,"세종시청,금강보행교",36.4804471,127.2888646
64133,호려울마을10단지,36.4835973,127.2941527
64135,글벗초등학교(새샘마을4단지),36.4866784,127.296646
64157,송성3리마을회관,36.6379031,127.2173692
64158,연기면행정복지센터,36.5436977,127.269023
64159,연기면행정복지센터,36.5435865,127.2697251
64161,원봉1리(생적골),36.4552915,127.2410254
64168,원성리(죽근마을),36.676151,127.1994662
33074,부강생활체육공원,36.5136568,127.3680756
33075,부강생활체육공원,36.5135576,127.3682151
31074,국립세종수목원(연구동),36.4980336,127.2897139
31075,"국립세종수목원,중앙공원",36.4996496,127.283625
31076,세종호수공원,36.5018825,127.2791339
31077,세종중앙공원,36.5001803,127.2821042
31078,국립세종수목원,36.4988004,127.286745
31079,국립세종수목원(연구동),36.4976075,127.2900113
33070,부강2리,36.5295,127.36597
33072,부강초등학교,36.52783,127.36722
33073,복지회관,36.52697,127.36974
33071,부강2리,36.52934,127.36628
62017,"나릿재마을1,2단지",36.4874554,127.2646885
62018,"나릿재마을1,2단지",36.4880312,127.2641006
64016,전의산업단지교차로,36.70158,127.21039
64038,"새샘마을7,8단지",36.48683,127.29981
64039,"새샘마을7,8단지",36.48709,127.30017
64040,동면농협예양지소,36.56798,127.32163
64041,동면농협예양지소,36.56811,127.3218
64042,"새나루마을4,9단지",36.49207,127.32188
64043,"새나루마을4,9단지",36.49207,127.32226
64044,"새나루마을2,8단지",36.4884705,127.3221026
64045,"새나루마을2,8단지",36.4885801,127.3224222
64047,"나릿재마을4,6단지",36.491527,127.261263
64066,전통문화체험관,36.5038217,127.2854098
64070,새나루마을10단지,36.4937495,127.3252565
64071,새나루마을1단지(후문),36.4840122,127.3174727
64080,문곡리(만트럭),36.5290657,127.4035571
64081,문곡리(만트럭),36.5289586,127.4034337
64090,봉암2교,36.5597276,127.2833969
64115,행산리,36.5561197,127.3731555
64160,원봉1리(토끼샘),36.4528694,127.2403984
64169,국립박물관단지,36.4899997,127.272418
64173,욱일아파트,36.6033347,127.2923462
64174,욱일아파트,36.6034944,127.292196
35104,도계리(풍덕골길),36.4949688,127.2100667
35105,도계리(풍덕골길),36.4952236,127.209954
52072,"범지기마을6,11단지",36.5106244,127.2501763
64094,"봉암리(봉암길,서원길)",36.5585606,127.2871252
64118,한국개발연구원(KDI),36.4822622,127.3084078
64119,대전교통공사,36.3512087,127.3549442
