id,title,release_date,popularity
1087192,드래곤 길들이기,2025-06-06,904.7178
1071585,메간 2.0,2025-06-25,608.4451
552524,릴로 & 스티치,2025-05-17,565.4793
1311031,극장판 귀멸의 칼날: 무한성편,2025-07-18,508.5982
1315986,맨 위드 노 패스트,2025-01-13,382.1417
1061474,슈퍼맨,2025-07-09,333.5035
1011477,가라데 키드: 레전드,2025-05-08,317.8487
1119878,아이스 로드: 벤전스,2025-06-27,296.3004
1124619,브라이드 하드,2025-06-19,315.3122
617126,판타스틱 4: 새로운 출발,2025-07-23,279.4076
541671,발레리나,2025-06-04,252.489
1234821,쥬라기 월드: 새로운 시작,2025-07-01,237.1881
1374534,어쩌다 파트너,2025-07-10,219.4051
803796,케이팝 데몬 헌터스,2025-06-20,211.4319
986056,썬더볼츠*,2025-04-30,201.3352
574475,파이널 데스티네이션: 블러드라인,2025-05-14,195.4472
1058537,"천사의 몰락, 평화의 전사들",2024-07-09,235.2762
846422,올드 가드 2,2025-07-01,167.3005
749170,국가 원수,2025-07-02,156.9191
968171,性教育ママ,1973-11-20,108.2958
911430,F1 더 무비,2025-06-25,144.233
1326106,괴수 8호: 미션 리컨,2025-03-28,130.2602
7451,트리플 엑스,2002-08-09,140.0562
1357933,겟 아웃: 셀러,2024-09-08,105.0624
1429744,지암,2025-07-09,110.17
947478,Diplodocus,2024-10-04,116.2809
615453,나타지마동강세,2019-07-26,121.9429
1136867,머티리얼리스트,2025-06-12,119.6993
1268870,Nudus,2024-04-11,117.3641
1406607,戏台,2025-07-12,99.3657
1285965,데인저러스 애니멀스,2025-06-05,107.0802
611251,女高生トリオ 性感試験,1977-02-23,121.8466
1151031,브링 허 백,2025-05-28,103.4383
1287536,Dora and the Search for Sol Dorado,2025-07-02,92.7851
1269208,84제곱미터,2025-07-17,96.1776
675308,호텔 레이크,2020-04-29,79.1405
1246369,반란: 무로마치 부라이,2025-01-17,84.4071
1275003,Spirit in the Blood,2024-11-07,85.5834
950387,A MINECRAFT MOVIE 마인크래프트 무비,2025-03-31,81.7709
575265,미션 임파서블: 파이널 레코닝,2025-05-17,87.0576
1236197,Juegos de Seducción,2025-07-18,79.6962
1087891,아마추어,2025-04-09,82.9016
1241634,सैयारा,2025-07-18,85.465
1243341,좀비스 4: 뱀파이어의 등장,2025-07-10,68.1958
1278950,리추얼,2025-04-18,71.5729
1233413,씨너스: 죄인들,2025-04-16,69.0773
605722,디스턴트,2024-07-12,69.1895
1403735,లైలా,2025-02-14,72.4312
1084153,Sneaks,2025-04-17,59.6813
11845,정사,2001-01-20,72.3058
1083433,나는 네가 지난 여름에 한 일을 알고 있다,2025-07-16,68.4776
715287,새엄마의 욕망,2020-05-29,66.4168
1257586,The Hangman,2024-05-30,62.8322
1100988,28년 후,2025-06-18,65.2514
1425045,브릭,2025-07-09,59.459
1442776,Kuang Bao Ju Xi,2024-03-27,61.2675
1294949,Mamá Reinventada,2025-05-08,65.5325
1010581,나의 잘못,2023-06-08,73.9345
1414272,나만 몰랐던 그녀들의 세계!,2025-02-07,62.2451
1103731,In Vitro,2025-03-27,52.2459
1311844,메가 트위스터스,2024-06-28,60.1541
1197306,워킹맨,2025-03-26,60.9873
259872,밤보다 더 아름다운 낮,2009-10-10,54.849
1354253,爱上她的理由 番外 约定的未来,2024-02-13,55.4044
1376434,프레데터: 킬러 오브 킬러스,2025-06-05,56.8503
1020910,인플루언서,2023-05-18,50.7033
736350,Playboy Playmate Workout,1983-01-01,58.9055
1246310,마디아의 데스티네이션 웨딩,2025-07-10,48.9472
870028,어카운턴트 2,2025-04-23,53.5104
1090007,First Shift,2024-08-30,44.0925
1181039,미이라: 카예신전의 비밀,2023-09-22,50.7079
713364,클라운 인 어 콘필드,2025-05-08,52.2474
936108,스머프,2025-07-05,48.0108
173705,여교사: 학생의 눈앞에서,1982-04-09,46.5681
1429834,가족이라 하기엔,2025-07-17,43.6637
822119,캡틴 아메리카: 브레이브 뉴 월드,2025-02-12,47.4466
950396,'더 캐니언' - The Gorge,2025-02-13,45.2268
1127110,디아블로,2025-06-13,43.2651
507086,쥬라기 월드: 도미니언,2022-06-01,44.3789
1250620,La coda del diavolo,2024-07-25,42.8033
939243,수퍼 소닉 3,2024-12-19,43.1276
1285965,데인저러스 애니멀스,2025-06-05,107.0802
447273,백설공주,2025-03-12,42.1249
1156593,네 잘못이야,2024-12-26,43.1708
10191,드래곤 길들이기,2010-03-18,42.817
1022789,인사이드 아웃 2,2024-06-11,40.2223
1241436,워페어,2025-04-09,41.7939
533535,데드풀과 울버린,2024-07-24,41.2444
829557,365일: 오늘,2022-04-26,45.8207
1412113,오징어 게임: 시즌2 제작 이야기,2025-01-02,38.9532
1365103,Marriage Unplugged,2024-10-28,45.7229
82702,드래곤 길들이기 2,2014-06-05,38.9521
1477114,Sorority,2025-06-20,38.397
157336,인터스텔라,2014-11-05,39.0221
666154,Kayara,2025-01-02,35.9653
519182,슈퍼배드 4,2024-06-20,37.5565
1239193,딥 커버,2025-06-12,35.2989
1017163,범죄도시 4,2024-04-24,35.1265
1406831,Vanished Out of Sight,2025-06-19,35.5095
536554,메간,2022-12-28,32.4926
762509,무파사: 라이온 킹,2024-12-18,34.7497
1000866,마칭 밴드,2024-11-27,36.1981
1022787,엘리오,2025-06-18,36.0153
1294203,나의 잘못: 런던,2025-02-12,35.3375
933260,서브스턴스,2024-09-07,34.0444
812455,Victoria,2021-01-16,32.7492
166428,드래곤 길들이기 3,2019-01-03,34.6428
1240475,집악,2024-07-18,34.954
1040159,My Massive Cock,2022-10-24,36.5364
671,해리 포터와 마법사의 돌,2001-11-16,36.1603
1426776,벼랑 끝에 서서,2025-06-05,32.8734
1072890,异人之下,2024-07-26,30.3382
1100842,新婚シリーズ　最初が肝心,1962-02-07,38.5909
24428,어벤져스,2012-04-25,32.2928
1011985,쿵푸팬더 4,2024-03-02,32.1528
1184918,와일드 로봇,2024-09-12,32.9504
980477,나타지마동요해,2025-01-29,33.4925
324544,인 더 로스트 랜즈,2025-02-27,32.2329
1357305,차이나타운 탐정 1900,2025-01-29,30.1939
815029,도뷔시,2023-08-24,26.0115
815029,도뷔시,2023-08-24,26.0115
912649,베놈: 라스트 댄스,2024-10-22,31.9683
558449,글래디에이터 II,2024-11-13,32.0322
1379587,Utopia,2024-12-09,30.9531
635302,극장판 귀멸의 칼날: 무한열차편,2020-10-16,31.6637
155,다크 나이트,2008-07-16,31.5848
351286,쥬라기 월드: 폴른 킹덤,2018-06-06,29.3939
385687,분노의 질주: 라이드 오어 다이,2023-05-17,30.6255
297762,원더 우먼,2017-05-30,30.3499
135397,쥬라기 월드,2015-06-06,30.9261
1234720,부부 교환 - 무삭제,2023-03-16,30.7629
1504735,오징어 게임 이야기,2025-06-26,23.2046
238,대부,1972-03-14,31.7092
80295,Der Frühreifen-Report,1973-08-16,24.7473
1508562,나는 여전히 슈퍼스타,2025-07-17,30.1365
1232546,언틸 던: 무한루프 데스게임,2025-04-23,32.001
597,타이타닉,1997-11-18,27.7349
1175942,배드 가이즈 2,2025-07-24,29.8108
1470086,Ligaw,2025-05-09,27.512
999243,헬 오브 어 썸머,2025-04-03,26.862
1224668,분노,2025-03-28,25.6814
1450599,KO,2025-06-05,24.4043
1144107,罗小黑战记 2,2025-07-18,27.9603
757725,쉐도우 포스,2025-05-01,38.9829
1252309,Pídeme lo que quieras,2024-11-29,29.361
1289601,파이터스 라이프,2024-06-07,25.4473
49521,맨 오브 스틸,2013-06-12,25.7492
539972,크레이븐 더 헌터,2024-12-11,30.1871
1315988,Mikaela,2025-01-31,31.9444
1449951,백설공주와 일곱난쟁이,2025-03-07,24.4712
1391013,당신 같은 사람,2025-07-11,23.6596
120,반지의 제왕: 반지 원정대,2001-12-18,26.4823
791373,잭 스나이더의 저스티스 리그,2021-03-18,23.5641
414906,더 배트맨,2022-03-01,24.182
696506,미키 17,2025-02-28,24.8963
299536,어벤져스: 인피니티 워,2018-04-25,25.5752
1005860,Seeds,2024-10-25,24.3178
27205,인셉션,2010-07-15,29.922
1172244,Mond,2024-11-08,26.7058
3597,나는 네가 지난 여름에 한 일을 알고 있다,1997-10-17,24.1284
3597,나는 네가 지난 여름에 한 일을 알고 있다,1997-10-17,24.1284
361743,탑건: 매버릭,2022-05-21,24.6288
603692,존 윅 4,2023-03-22,24.439
209112,배트맨 대 슈퍼맨: 저스티스의 시작,2016-03-23,26.3565
823219,플로우,2024-08-29,23.9954
945961,에이리언: 로물루스,2024-08-13,23.6259
1476292,Kalakal,2025-06-13,23.775
1471014,Van Gogh by Vincent,2025-03-26,24.6952
83533,아바타: 불과 재,2025-12-17,23.468
216015,그레이의 50가지 그림자,2015-02-11,26.1359
462183,와일드 어웨이크닝,2016-10-23,22.077
170,28일 후,2002-10-31,23.589
1153714,데스 오브 유니콘,2025-03-27,23.8035
634649,스파이더맨: 노 웨이 홈,2021-12-15,23.3199
411,"나니아 연대기: 사자, 마녀 그리고 옷장",2005-12-07,23.5815
198663,메이즈 러너,2014-09-10,24.9502
575264,미션 임파서블: 데드 레코닝,2023-07-08,24.1015
82023,호텔 디자이어,2011-12-07,24.9428
346698,바비,2023-06-18,22.9356
1126166,플라이트 리스크,2025-01-22,23.46
138843,컨저링,2013-07-18,23.4341
896536,더 레전드 오브 오치,2025-04-18,22.2676
1064307,스퍼마게돈,2025-02-21,22.1507
11544,릴로 & 스티치,2002-06-21,22.4567
496243,기생충,2019-05-30,24.8295
1233069,엑스테리토리얼,2025-04-29,22.3516
1098006,'젊음의 샘' - Fountain of Youth,2025-05-19,19.6876
402431,위키드,2024-11-20,22.1596
1195506,노보케인,2025-03-12,21.725
808,슈렉,2001-05-18,20.5477
9738,판타스틱 4,2005-06-29,29.5388
1214469,고스트라이트,2024-06-14,22.6962
872585,오펜하이머,2023-07-19,21.3834
668489,해벅,2025-04-25,21.6714
672,해리 포터와 비밀의 방,2002-11-13,23.4143
846817,ليل,2024-09-07,18.2552
1100782,스마일 2,2024-10-16,21.1524
1124620,더 몽키,2025-02-14,20.7906
845781,레드 원,2024-10-31,22.513
550,파이트 클럽,1999-10-15,21.3674
1242898,프레데터: 죽음의 땅,2025-11-05,21.9921
14836,코렐라인: 비밀의 문,2009-02-05,21.0161
1422227,Aşk Sadece Bir An,2025-02-14,29.1303
50433,알코바,1985-01-21,23.3859
811941,데바라,2024-09-26,22.5473
1094473,"Bambi, l'histoire d'une vie dans les bois",2024-10-16,21.7683
26338,로망스,1999-04-14,22.7867
537915,애프터,2019-04-11,21.8151
1319951,40 에이커,2025-07-02,20.2658
1317276,극장판 기븐 바다로,2024-09-20,19.4277
497,그린 마일,1999-12-10,22.7964
569094,스파이더맨: 어크로스 더 유니버스,2023-05-31,20.7337
573435,나쁜 녀석들: 라이드 오어 다이,2024-06-05,20.8499
19995,아바타,2009-12-15,21.4848
76600,아바타: 물의 길,2022-12-14,21.9643
674,해리 포터와 불의 잔,2005-11-16,20.9269
592695,플레저,2021-10-08,20.6281
22,캐리비안의 해적: 블랙펄의 저주,2003-07-09,20.5684
106646,더 울프 오브 월 스트리트,2013-12-25,19.7361
1924,슈퍼맨,1978-12-14,20.0779
122,반지의 제왕: 왕의 귀환,2003-12-17,21.511
1118031,아포칼립스 Z: 종말의 시작,2024-10-04,20.7005
8966,트와일라잇,2008-11-20,22.5297
438631,듄,2021-09-15,20.3983
807,세븐,1995-09-22,20.8705
1109137,1942 스탈린그라드 : 붉은 전선,2023-05-04,16.5976
1357633,나 혼자만 레벨업 -리어웨이크닝-,2024-11-26,20.4813
1295035,슈퍼 해피 포에버,2025-01-27,19.6354
389,12명의 성난 사람들,1957-04-10,23.4747
603,매트릭스,1999-03-31,19.4906
1726,아이언맨,2008-04-30,20.6312
1429784,Singsot: Siulan Kematian,2025-03-13,18.6318
693134,듄: 파트 2,2024-02-27,19.6367
675,해리 포터와 불사조 기사단,2007-07-08,20.0986
296096,미 비포 유,2016-06-01,20.2723
1137350,페니키안 스킴,2025-05-23,17.9334
146233,프리즈너스,2013-09-19,19.7398
1078959,미스테이크,2024-09-20,17.7854
1257960,시칸다르,2025-03-29,19.8512
18785,행오버,2009-06-02,20.8159
1364176,Miocardio,2025-01-24,20.2514
13,포레스트 검프,1994-06-23,20.4165
680,펄프 픽션,1994-09-10,21.4371
862,토이 스토리,1995-11-22,19.023
648878,에딩턴,2025-07-16,17.5548
1491570,상어의 속삭임,2025-06-30,14.1973
947891,마이 올드 애스,2024-09-13,19.0106
673,해리 포터와 아즈카반의 죄수,2004-05-31,20.191
464052,원더 우먼 1984,2020-12-16,17.1259
767,해리 포터와 혼혈왕자,2009-07-15,17.651
298094,아위경광,1991-11-15,20.006
1084199,컴패니언,2025-01-22,18.4149
1284120,어글리 시스터,2025-03-07,15.7296
863,토이 스토리 2,1999-10-30,19.0534
502356,슈퍼 마리오 브라더스,2023-04-05,18.0799
359410,로드 하우스,2024-03-08,18.1785
667538,트랜스포머: 비스트의 서막,2023-06-06,17.3978
638507,드래곤 길들이기: 홈커밍,2019-12-03,18.3098
1100998,SuperKlaus,2024-11-01,70.3504
228150,퓨리,2014-10-15,19.6288
315635,스파이더맨: 홈커밍,2017-07-05,16.7256
396535,부산행,2016-07-20,18.0913
1130022,소버린,2025-07-11,15.523
121,반지의 제왕: 두 개의 탑,2002-12-18,18.9669
557,스파이더맨,2002-05-01,19.3115
1000085,Morlaix,2025-03-14,13.685
1135869,Kelas Bintang - Salome,2023-05-13,17.7435
329,쥬라기 공원,1993-06-11,17.688
1241894,Woodwalkers,2024-10-17,18.9767
2062,라따뚜이,2007-06-28,17.326
11036,노트북,2004-05-25,20.2727
324857,스파이더맨: 뉴 유니버스,2018-12-06,16.2359
16869,바스터즈: 거친 녀석들,2009-08-02,16.5735
954,미션 임파서블,1996-05-22,19.2362
1249289,알라룸,2025-01-16,18.0437
481871,엄마의 직업,2017-07-27,16.0986
447365,가디언즈 오브 갤럭시 Volume 3,2023-05-03,16.9736
426063,노스페라투,2024-12-25,29.2985
1359977,Conjuring the Cult,2024-10-01,18.8926
150540,인사이드 아웃,2015-06-17,19.1673
1045938,G20,2025-04-10,16.3568
1216571,준 앤 존,2025-04-17,17.3076
1195518,The Unholy Trinity,2025-06-13,15.8417
1411773,The Last Stand of Ellen Cole,2024-10-18,17.3277
698687,트랜스포머 ONE,2024-09-11,17.8888
429915,처제의 꿈,2016-11-29,11.6522
298618,플래시,2023-06-13,17.0909
977294,틴 솔저,2025-05-22,18.7996
931285,모탈 컴뱃 2,2025-10-22,14.304
109445,겨울왕국,2013-11-20,16.3917
299534,어벤져스: 엔드게임,2019-04-24,18.4479
354912,코코,2017-10-27,20.6338
12445,해리 포터와 죽음의 성물 2,2011-07-12,18.1315
210577,나를 찾아줘,2014-10-01,18.2669
290098,아가씨,2016-06-01,16.2522
10138,아이언맨 2,2010-04-28,18.026
58,캐리비안의 해적: 망자의 함,2006-07-06,16.8266
637649,캐시트럭,2021-04-22,17.1528
547513,Chespirito: El Niño Que Somos,2001-01-10,20.2547
910838,Bella,2021-10-28,19.2108
1160956,판다 플랜,2024-10-01,17.7133
707610,가슴 큰 울 엄마,2020-05-06,17.3508
1042834,에덴,2025-04-10,16.7092
129,센과 치히로의 행방불명,2001-07-20,17.0021
98,글래디에이터,2000-05-04,19.227
269149,주토피아,2016-02-11,16.3405
12444,해리 포터와 죽음의 성물 1,2010-11-17,18.8879
629542,배드 가이즈,2022-03-17,16.2679
957119,Sidelined: The QB and Me,2025-02-06,18.5447
244786,위플래쉬,2014-10-10,14.5597
166424,판타스틱 4,2015-08-05,21.4467
868759,'고스팅' - Ghosted,2023-04-18,16.2777
1979,판타스틱 4: 실버 서퍼의 위협,2007-06-13,21.7894
1337395,Kiskisan,2024-09-27,17.1613
337167,50가지 그림자: 해방,2018-01-17,20.3715
1147416,미라클 월드 런던: 시간의 끝에서,2024-11-14,15.6816
748783,가필드 더 무비,2024-04-30,15.4527
348760,인랑게임: 마을사람,2013-10-26,0.1357
285,캐리비안의 해적: 세상의 끝에서,2007-05-19,17.3696
240,대부 2,1974-12-20,17.2372
1363224,Fear Cabin: The Last Weekend of Summer,2024-09-27,16.4699
1140535,프레젠스,2025-01-17,18.4406
1506450,Sipsipan,2025-07-11,15.3584
122917,호빗: 다섯 군대 전투,2014-12-10,17.3477
547016,올드 가드,2020-07-09,16.099
1125257,프리키 프라이데이 2,2025-08-06,17.2148
823464,고질라 X 콩: 뉴 엠파이어,2024-03-27,17.4566
460465,모탈 컴뱃,2021-04-07,14.5852
335984,블레이드 러너 2049,2017-10-04,15.5919
843527,너란 개념,2024-05-02,16.323
293660,데드풀,2016-02-09,15.8307
9532,데스티네이션,2000-03-17,17.5444
927342,அமரன்,2024-10-31,15.7351
111,스카페이스,1983-12-09,16.1095
1297763,배트맨 닌자 VS 야쿠자리그,2025-03-17,15.5941
1144430,사라진 탄환 3,2025-05-06,15.7532
1034541,테리파이어 3,2024-10-09,15.8222
11324,셔터 아일랜드,2010-02-14,17.113
324552,존 윅: 리로드,2017-02-08,17.1528
315162,장화신은 고양이: 끝내주는 모험,2022-12-07,16.0337
585,몬스터 주식회사,2001-11-01,18.405
710258,러스트,2025-05-01,16.2017
156022,더 이퀄라이저,2014-09-24,17.027
744,탑건,1986-05-16,16.0145
37165,트루먼 쇼,1998-06-04,14.68
283995,가디언즈 오브 갤럭시 Vol. 2,2017-04-19,15.0433
458156,존 윅 3: 파라벨룸,2019-05-15,14.643
12153,화이트 칙스,2004-06-23,14.1119
578,죠스,1975-06-20,15.6216
49026,다크 나이트 라이즈,2012-07-17,16.4648
9614,해피 길모어,1996-02-16,18.9059
801335,걸 인 더 베이스먼트,2021-02-27,15.6863
370663,빌로우 허,2017-02-10,15.8326
809,슈렉 2,2004-05-19,13.6397
1337411,Obsesyon,2025-07-04,15.1058
1506130,다니 로비라: 그래도 살 만해,2025-07-10,13.6684
694943,배달노출: 알몸으로 유혹하기,2020-04-10,16.193
475557,조커,2019-10-01,14.774
786892,퓨리오사: 매드맥스 사가,2024-05-22,14.6521
1035259,총알 탄 사나이,2025-07-30,16.7797
436969,더 수어사이드 스쿼드,2021-06-06,13.8576
353081,미션 임파서블: 폴아웃,2018-07-25,13.971
559,스파이더맨 3,2007-05-01,16.7985
38365,다 큰 녀석들,2010-06-24,12.9621
350,악마는 프라다를 입는다,2006-06-29,17.3423
793058,하이파이브,2025-05-30,13.7275
1562,28주 후,2007-04-26,15.4501
1064486,달팽이의 회고록,2024-10-17,14.9985
1356236,Saint Catherine,2024-09-24,14.7154
424,쉰들러 리스트,1993-12-15,14.9716
38757,라푼젤,2010-11-24,15.3188
38575,베스트 키드,2010-06-10,13.6603
866398,비키퍼,2024-01-08,14.662
1241752,Rita,2024-03-22,14.6832
11,스타워즈 에피소드 4: 새로운 희망,1977-05-25,14.5982
429,석양의 무법자,1966-12-22,17.3779
4935,하울의 움직이는 성,2004-09-09,14.3653
1078605,웨폰,2025-08-06,15.545
985939,폴: 600미터,2022-08-11,14.0888
141052,저스티스 리그,2017-11-15,14.5809
1138194,헤레틱,2024-10-31,14.1923
1405338,데몬 시티: 악귀 죽이기,2025-02-26,14.8685
226674,L'Adolescente,1979-01-24,13.3128
820232,귀멸의 칼날: 남매의 연,2019-03-29,14.6215
1029529,無力の王,1981-08-29,15.6352
1097549,베이비걸,2024-12-25,14.492
466272,원스 어폰 어 타임 인… 할리우드,2019-07-24,15.5886
829560,또 다른 365일,2022-08-18,15.1195
106,프레데터,1987-06-12,14.1813
1083968,록트,2025-03-20,15.7351
10625,퀸카로 살아남는 법,2004-04-30,15.3626
8587,라이온 킹,1994-06-15,14.1604
1356039,역습,2025-02-27,15.1095
1097311,'에코 밸리' - Echo Valley,2025-06-13,13.8513
177572,빅 히어로,2014-10-24,13.4468
676685,꼬마 판다 팡의 아프리카 대모험,2024-03-15,14.0923
818647,스루 마이 윈도,2022-02-04,15.1629
652,트로이,2004-05-13,14.8533
589018,내 이름은 케리아,2024-10-16,13.1305
321612,미녀와 야수,2017-03-16,11.5384
348,에이리언,1979-05-25,13.4818
1038392,컨저링: 마지막 의식,2025-09-03,14.4234
1377424,വിക്ടോറിയ,2024-12-14,11.4959
408866,리:본,2016-09-24,12.4093
970450,나이트 오브 울브즈,2024-12-04,15.6131
429617,스파이더맨: 파 프롬 홈,2019-06-28,13.4447
68721,아이언맨 3,2013-04-18,13.6676
423108,컨저링 3: 악마가 시켰다,2021-05-25,14.0113
1865,캐리비안의 해적: 낯선 조류,2011-05-15,13.8954
653346,혹성탈출: 새로운 시대,2024-05-08,13.4734
1079346,5lbs of Pressure,2024-03-08,11.6353
197,브레이브하트,1995-05-24,12.8764
1401502,无名之辈：否极泰来,2025-06-26,13.7881
425,아이스 에이지,2002-03-14,13.1477
489,굿 윌 헌팅,1997-12-05,13.1059
259693,컨저링 2,2016-06-08,15.0477
568124,엔칸토: 마법의 세계,2021-10-13,13.8428
572802,아쿠아맨과 로스트 킹덤,2023-12-20,13.4265
1232933,심연의 공포,2025-05-02,13.4251
76341,매드 맥스: 분노의 도로,2015-05-13,15.3298
1477566,난장판이 된 사건사고: 열기구 소년,2025-07-14,12.8412
882598,스마일,2022-09-23,12.1832
588228,투모로우 워,2021-09-03,13.1172
9502,쿵푸팬더,2008-06-04,12.1449
1357459,Tatsulok: Tatlo Magkasalo,2024-10-11,16.717
10681,월•E,2008-06-22,13.5882
1043905,더티 엔젤스,2024-12-11,14.0765
8681,테이큰,2008-02-18,14.4092
453395,닥터 스트레인지: 대혼돈의 멀티버스,2022-05-04,13.1027
1092073,The Haunting at Saint Joseph's,2023-02-26,12.898
1053583,8,2025-03-21,37.3842
1152619,Possessions,2024-04-12,13.5118
999613,Кристина,2022-07-07,13.1175
372058,너의 이름은,2016-08-26,16.4135
1452,수퍼맨 리턴즈,2006-06-28,13.6003
670,올드보이,2003-11-21,12.5002
118,찰리와 초콜릿 공장,2005-07-13,14.1185
639720,이프: 상상의 친구,2024-05-08,13.1841
1476450,Bayo,2025-06-24,13.344
1029575,'패밀리 플랜' - The Family Plan,2023-12-14,15.0436
105,빽 투 더 퓨쳐,1985-07-03,13.0672
245891,존 윅,2014-10-22,13.9047
9655,쉬즈 더  맨,2006-03-17,10.2496
6977,노인을 위한 나라는 없다,2007-06-13,13.575
346364,그것,2017-09-06,12.5008
953,마다가스카,2005-05-25,12.2426
766507,프레이,2022-08-02,13.1275
615656,메가로돈 2,2023-08-02,13.2987
168259,분노의 질주: 더 세븐,2015-04-01,14.0462
38,이터널 선샤인,2004-03-19,13.3834
50620,브레이킹 던 Part 2,2012-11-13,15.0096
1297028,Rosario,2025-05-01,12.9733
384018,분노의 질주: 홉스 & 쇼,2019-08-01,12.3868
177677,미션 임파서블: 로그네이션,2015-07-28,13.2083
102651,말레피센트,2014-05-28,12.1792
72190,월드워 Z,2013-06-19,12.6617
4951,내가 널 사랑할 수 없는 10가지 이유,1999-03-30,12.5797
99861,어벤져스: 에이지 오브 울트론,2015-04-22,13.401
439079,더 넌,2018-09-05,12.3755
897160,용감한 시민,2023-10-25,12.5774
1470736,Open,2025-06-14,12.4733
12,니모를 찾아서,2003-05-30,14.0695
1035048,엘리베이션,2024-11-07,13.4762
14160,업,2009-05-28,12.6456
493922,유전,2018-06-07,11.3559
940551,인투 더 월드,2023-12-06,13.7256
10674,뮬란,1998-06-18,12.213
438695,씽2게더,2021-12-01,12.7023
615173,마녀(魔女) Part2. The Other One,2022-06-15,13.2391
1263256,해피 길모어 2,2025-07-25,16.6788
1930,어메이징 스파이더맨,2012-06-23,14.5229
1104845,플랑크톤: 더 무비,2025-03-08,13.4765
324786,핵소 고지,2016-10-07,13.4855
976573,엘리멘탈,2023-06-14,12.4904
974576,콘클라베,2024-10-25,11.6315
280,터미네이터 2: 심판의 날,1991-07-03,13.8851
101,레옹,1994-09-14,11.3496
335983,베놈,2018-09-28,12.6431
286687,화려한 외출,2013-12-05,12.3906
56292,미션 임파서블: 고스트 프로토콜,2011-12-07,13.5692
718930,불릿 트레인,2022-08-03,11.8754
1125899,클리너,2025-02-19,12.4784
615457,노바디,2021-03-18,12.1936
675353,수퍼 소닉 2,2022-03-30,12.1826
769,좋은 친구들,1990-09-12,14.6853
1328913,Padre no hay más que uno 5: Nido repleto,2025-06-26,13.012
530385,미드소마,2019-07-03,11.745
937287,챌린저스,2024-04-18,12.3354
9806,인크레더블,2004-10-27,12.5556
1245399,Hola Frida!,2025-02-12,12.8811
617569,막내 이모,2019-07-18,11.0519
640,캐치 미 이프 유 캔,2002-12-16,12.0483
568770,Poseída,2025-06-05,12.5657
240832,루시,2014-07-25,14.6207
1055110,扉を閉めた女教師,2021-10-03,13.3489
41264,아듀 아프리카,1966-02-11,16.0176
348893,보이카: 언디스퓨티드 파이널,2016-08-01,12.1427
533533,트론: 아레스,2025-10-08,11.9104
1338799,劇場版総集編 呪術廻戦 懐玉・玉折,2025-05-30,12.6609
1329336,배드 가이즈: 오싹한 핼러윈,2024-10-02,12.9807
857,라이언 일병 구하기,1998-07-24,13.0232
204082,홈프론트: 가족을 지켜라,2013-11-12,11.5582
1196470,서바이브,2024-06-19,12.6567
1337397,Pilya,2024-09-20,11.2002
1484262,난장판이 된 사건사고: 아메리칸 어패럴의 몰락,2025-06-30,12.6835
345940,메가로돈,2018-08-09,11.8702
926393,더 이퀄라이저 3,2023-08-30,11.9293
276126,젊은 엄마 2,2014-05-29,12.4329
333339,레디 플레이어 원,2018-03-28,10.4445
755679,분노의 질주 10: 파트 2,,12.6021
1106194,Een schitterend gebrek,2024-09-12,10.5408
505642,블랙 팬서: 와칸다 포에버,2022-11-09,11.6237
3933,유령 신부,2005-09-12,13.0806
1252745,Azul de niño,2025-03-05,9.0882
1229730,카재커,2025-03-27,12.6592
302946,어카운턴트,2016-10-13,13.4788
14161,2012,2009-10-10,13.3814
746036,스턴트맨,2024-04-24,13.3085
454626,수퍼 소닉,2020-02-12,12.5324
272,배트맨 비긴즈,2005-06-10,13.3089
398818,콜 미 바이 유어 네임,2017-07-28,10.9095
41513,개구쟁이 스머프,2011-07-29,12.8143
2105,아메리칸 파이,1999-07-09,12.0785
993710,백 인 액션,2025-01-15,12.4125
19173,S 중독자의 고백,2008-10-17,11.8744
68718,장고: 분노의 추적자,2012-12-25,12.8212
85,인디아나 존스: 레이더스,1981-06-12,13.1092
1124,프레스티지,2006-10-17,12.7128
11688,쿠스코? 쿠스코!,2000-12-15,10.5793
24,킬 빌: 1부,2003-10-10,10.9079
9603,클루리스,1995-07-19,9.1224
1303162,일하는 세포,2024-12-13,11.6194
68726,퍼시픽 림,2013-07-11,12.0467
1249213,드롭,2025-04-10,10.9729
22705,모넬라 2,2000-01-28,12.4282
851644,20세기 소녀,2022-10-06,11.8176
337404,크루엘라,2021-05-26,11.4078
48650,룸 인 로마,2010-05-07,11.3131
260346,테이큰 3,2014-12-16,13.4275
9358,데스티네이션 2,2003-01-31,11.9481
1272149,브리짓 존스의 일기: 뉴 챕터,2025-02-12,11.3281
301528,토이 스토리 4,2019-06-19,10.9543
1139695,酱园弄·悬案,2025-06-14,11.9361
150689,신데렐라,2015-03-06,10.8856
460229,키스 앤 킬,2017-08-08,12.6134
1244944,더 우먼 인 더 야드,2025-03-27,11.737
427641,램페이지,2018-04-11,10.1305
1064028,메이드,2024-08-15,11.7619
810,슈렉 3,2007-05-17,10.0266
109418,다 큰 녀석들 2,2013-07-11,14.0996
18240,프로포즈,2009-06-02,10.9257
1495,킹덤 오브 헤븐,2005-05-03,11.8996
1127166,눈물을 만드는 사람,2024-04-03,11.6385
930094,"빨강, 파랑, 어쨌든 찬란",2023-07-27,12.1788
49051,호빗: 뜻밖의 여정,2012-12-12,12.4532
62177,메리다와 마법의 숲,2012-06-21,11.1267
949,히트,1995-12-15,12.0008
218,터미네이터,1984-10-26,12.6447
1029235,아즈라엘,2024-09-27,11.921
539,싸이코,1960-06-22,12.4512
585083,몬스터 호텔: 뒤바뀐 세계,2022-01-31,11.9924
131631,헝거게임: 모킹제이,2014-11-19,24.4518
1421982,키프: 링라이트의 전설,2025-01-21,11.3814
50619,브레이킹 던 Part 1,2011-11-16,15.0323
3600,나는 아직도 네가 지난 여름에 한 일을 알고 있다,1998-11-13,12.383
839033,반지의 제왕: 로히림의 전쟁,2024-12-05,12.0887
1242011,투게더,2025-07-30,14.2505
18239,뉴 문,2009-11-18,11.0883
545611,에브리씽 에브리웨어 올 앳 원스,2022-03-24,11.3274
1885,베스트 키드,1984-06-22,12.7953
510,뻐꾸기 둥지 위로 날아간 새,1975-11-19,9.7069
242,대부 3,1990-12-25,10.3708
436270,블랙 아담,2022-10-19,10.4987
679,에이리언 2,1986-07-18,9.9567
249578,Tabú,1983-03-10,10.9475
45933,La soldatessa alla visita militare,1977-09-02,12.395
420818,라이온 킹,2019-07-12,10.8199
50270,파프리카,1991-02-13,10.8348
1199974,Párvulos: Hijos Del Apocalipsis,2024-10-18,11.8442
271110,캡틴 아메리카: 시빌 워,2016-04-27,12.0269
1410221,Un año y un día,2025-03-21,10.172
929590,시빌 워: 분열의 시대,2024-04-10,12.2719
11224,신데렐라,1950-02-22,11.7894
96721,러시: 더 라이벌,2013-09-02,11.261
1147400,"미라큘러스 월드: 파리, 셰이디버그와 블랙클로",2023-10-21,10.2616
615777,바빌론,2022-12-22,10.7657
1003596,어벤져스: 둠스데이,2026-12-17,12.781
337339,분노의 질주: 더 익스트림,2017-04-12,10.6181
1272837,28년 후 파트 2: 더 본 템플,2026-01-15,11.6738
584855,Злой город,2025-01-30,10.7709
9820,페어런트 트랩,1998-07-28,10.4207
55779,파이널 데스티네이션 5,2011-08-12,12.381
762441,콰이어트 플레이스: 첫째 날,2024-06-26,11.4305
619979,딥 워터,2022-03-17,11.8445
10192,슈렉 포에버,2010-05-20,10.519
1072790,페이크 러브,2023-12-21,12.0654
10193,토이 스토리 3,2010-06-16,9.96
14834,Not Easily Broken,2009-01-09,11.2676
926670,Henry Danger: The Movie,2025-01-17,11.9489
1221451,언페이스풀 2,2024-02-02,10.4671
1018308,공짜섹스,2020-11-20,12.2578
47971,트리플 엑스 리턴즈,2017-01-13,11.5785
102382,어메이징 스파이더맨 2,2014-04-16,12.8027
205596,이미테이션 게임,2014-11-14,11.9512
39843,弱殺,1994-10-20,9.2995
9286,파이널 데스티네이션,2006-02-09,11.1278
1323784,배드 인플루언스,2025-01-24,10.8204
77338,언터처블: 1%의 우정,2011-11-02,10.166
561,콘스탄틴,2005-02-08,11.4814
1134055,킬 샷,2023-08-15,8.7533
604685,크리미널 스쿼드: 판테라,2025-01-08,10.7424
957452,더 크로우,2024-08-21,11.1889
1484267,난장판이 된 사건사고: 엄마 탐정들,2025-07-21,13.5938
335,옛날 옛적 서부에서,1968-12-21,11.1057
507089,프레디의 피자가게,2023-10-25,14.145
12155,이상한 나라의 앨리스,2010-03-03,11.6714
13183,왓치맨,2009-03-04,10.0364
20760,릴로 & 스티치 2,2005-08-22,10.6323
1190511,सितारे ज़मीन पर,2025-06-20,10.5873
566525,샹치와 텐 링즈의 전설,2021-09-01,10.8577
1724,인크레더블 헐크,2008-06-12,11.6374
1232449,어린 마음,2024-10-26,10.1799
329865,컨택트,2016-11-10,12.3182
1255788,Le Jardinier,2025-01-30,13.8639
1164355,렘바융,2024-09-19,10.9912
4348,오만과 편견,2005-09-16,11.5177
1276073,신칸센 대폭파,2025-04-23,10.8405
37265,올 레이디 두 잇,1992-02-21,10.7789
474350,그것: 두 번째 이야기,2019-09-04,9.4786
1135850,STW,2023-04-30,11.3886
6479,나는 전설이다,2007-12-12,11.2267
613504,애프터: 그 후,2020-09-02,11.3864
20352,슈퍼배드,2010-07-08,12.8886
774370,도그맨,2025-01-24,10.5843
387824,엄마친구,2015-08-20,10.9621
1267217,슈가 베이비,2024-04-25,10.4258
372049,내 친구의 아내,2015-12-03,10.1814
467407,ココロとカラダ,2004-12-11,11.2497
787699,웡카,2023-12-06,10.8808
284053,토르: 라그나로크,2017-10-02,10.3806
395817,The Thicket,2024-09-05,11.1514
980489,그란 투리스모,2023-08-09,11.5114
955,미션 임파서블 2,2000-05-24,17.146
585511,'럭' - Luck,2022-08-05,11.09
284052,닥터 스트레인지,2016-10-25,11.0924
564,미이라,1999-04-16,11.8991
19994,죽여줘! 제니퍼,2009-09-18,10.1378
530254,마녀,2018-06-27,11.1854
1330435,고스트 킬러,2025-04-11,11.2845
91314,트랜스포머: 사라진 시대,2014-06-25,12.6653
1212855,파이트 오어 플라이트,2025-04-03,10.6774
10198,공주와 개구리,2009-12-08,9.5211
45243,행오버 2,2011-05-25,12.362
508943,루카,2021-06-17,10.1592
799583,언젠틀 오퍼레이션,2024-04-18,10.3319
792307,가여운 것들,2023-12-07,9.6023
10734,알카트라즈 탈출,1979-06-22,9.2655
1008042,톡 투 미,2023-07-26,9.5245
546554,나이브스 아웃,2019-11-27,10.6927
287947,샤잠!,2019-03-29,8.9905
10195,토르: 천둥의 신,2011-04-21,10.1392
1507699,카운트다운: 테일러 vs 세라노,2025-07-02,11.0046
1273002,28년 후 파트 3,,10.8175
884605,노 하드 필링스,2023-06-15,9.6166
393,킬 빌: 2부,2004-04-16,10.5439
483980,좀비스,2018-02-16,9.7016
581528,악인전,2019-05-15,10.6672
1155281,封神第二部：战火西岐,2025-01-29,11.8472
490132,그린 북,2018-11-16,9.7646
207,죽은 시인의 사회,1989-06-02,10.5913
110415,설국열차,2013-08-01,11.6412
1005331,캐리온,2024-12-05,10.5229
694,샤이닝,1980-05-23,11.5684
335988,트랜스포머: 최후의 기사,2017-06-16,9.0566
521029,애나벨 집으로,2019-06-26,9.4841
1813,데블스 에드버킷,1997-10-17,10.5788
299054,익스펜더블 4,2023-09-15,10.2412
974573,부탁 하나만 더 들어줘,2025-03-07,10.4408
940721,고질라 마이너스 원,2023-11-03,9.8674
1225915,보석 도둑: 더 하이스트 비긴스,2025-04-24,10.9071
19912,파이널 데스티네이션 4,2009-08-26,11.9565
152601,그녀,2013-12-18,10.331
38700,나쁜 녀석들: 포에버,2020-01-15,8.3134
297,조 블랙의 사랑,1998-11-12,11.3297
840705,블링크 트와이스,2024-08-21,9.8482
122906,어바웃 타임,2013-09-04,11.086
4232,스크림,1996-12-20,11.6322
11635,올드 스쿨,2003-02-21,11.7941
181812,스타워즈 에피소드 9: 라이즈 오브 스카이워커,2019-12-18,9.6444
508442,소울,2020-12-25,9.927
1222248,Nr. 24,2024-10-30,12.1937
934433,스크림 6,2023-03-08,11.012
447332,콰이어트 플레이스,2018-04-03,10.2472
1477565,난장판이 된 사건사고: 현실판 프로젝트 X,2025-07-07,9.6082
956,미션 임파서블 3,2006-04-25,11.227
1233575,블랙 백,2025-03-12,9.4072
260514,카 3: 새로운 도전,2017-06-15,10.2361
787,미스터 & 미세스 스미스,2005-06-07,11.5828
508947,메이의 새빨간 비밀,2022-03-10,9.2817
284054,블랙 팬서,2018-02-13,9.7517
877817,'울프스' - Wolfs,2024-09-20,8.3124
250546,애나벨,2014-10-02,10.6585
1001414,피어 스트리트: 프롬 퀸,2025-05-23,10.07
341174,50가지 그림자: 심연,2017-02-08,10.3009
78,블레이드 러너,1982-06-25,10.4215
214756,19곰 테드 2,2015-06-25,13.3104
951491,쏘우 X,2023-09-27,9.844
1078600,Marked Men: Rule + Shaw,2025-01-22,10.2324
24021,이클립스,2010-06-23,11.9506
420634,테리파이어,2018-01-25,9.2685
777443,일렉트릭 스테이트,2025-03-07,9.0838
843,화양연화,2000-09-29,10.3893
375834,"It's Called 'Murder', Baby",1983-06-15,12.9841
9552,엑소시스트,1973-12-26,10.6209
93685,스윙어스,2002-10-01,11.4516
12208,007 카지노 로얄,1967-04-13,7.0643
1302004,레이싱걸즈,2024-07-26,10.8709
273477,좀비 서바이벌 가이드,2015-10-23,11.3507
345887,더 이퀄라이저 2,2018-07-19,9.7477
512200,쥬만지: 넥스트 레벨,2019-12-04,9.0728
293167,콩: 스컬 아일랜드,2017-03-08,10.5545
1359,아메리칸 사이코,2000-04-13,9.7251
343668,킹스맨: 골든 서클,2017-09-20,10.5079
49013,카 2,2011-06-11,10.4077
166426,캐리비안의 해적: 죽은 자는 말이 없다,2017-05-23,10.504
1235431,【최애의 아이】 -더 파이널 액트-,2024-12-20,10.0332
359724,포드 V 페라리,2019-11-13,9.2018
2109,러시아워,1998-09-18,10.9639
1226406,위드 러브,2025-02-06,9.7793
447277,인어공주,2023-05-18,9.2677
257211,인턴,2015-09-23,10.5175
497698,블랙 위도우,2021-07-07,9.7699
345,아이즈 와이드 셧,1999-07-16,10.2342
7345,데어 윌 비 블러드,2007-12-26,11.3249
1140142,やくざ囃子,1954-06-30,10.6515
995926,베테랑 2,2024-09-13,9.7306
98566,닌자터틀,2014-08-07,10.7711
981210,"Pasado, pero no olvidado.",2017-10-22,9.0875
1084736,몬테크리스토 백작,2024-06-28,10.0528
1159311,나의 히어로 아카데미아 더 무비: 유어 넥스트,2024-08-02,10.5786
1408248,오징어 게임: 벽난로,2024-12-12,9.6389
1422,디파티드,2006-10-04,10.2604
419430,겟 아웃,2017-02-24,11.32
9479,팀 버튼의 크리스마스 악몽,1993-10-09,10.7585
1023922,맥신,2024-07-04,8.288
127585,엑스맨: 데이즈 오브 퓨처 패스트,2014-05-15,10.3816
400535,시카리오: 데이 오브 솔다도,2018-06-27,9.6355
1579,아포칼립토,2006-12-07,8.4244
290859,터미네이터: 다크 페이트,2019-10-23,7.5759
383498,데드풀 2,2018-05-15,9.3563
516729,패딩턴: 페루에 가다!,2024-11-08,9.3839
114,귀여운 여인,1990-03-23,9.1211
338953,신비한 동물들과 덤블도어의 비밀,2022-04-06,9.6872
1147710,하이재킹,2024-06-21,8.7324
743885,Soft on Demand × 浅草ロック座 小向美奈子: Dangerous Stripper,2010-01-07,7.9347
930564,솔트번,2023-11-16,9.6751
103,택시 드라이버,1976-02-09,11.1216
1055432,camrip,2022-11-30,9.7121
616037,토르: 러브 앤 썬더,2022-07-06,9.8136
10144,인어공주,1989-11-17,9.5344
1320400,열대의 묵시록,2025-07-03,8.2266
1046758,쏘우 톤,2024-03-10,8.7253
390043,킬러의 보디가드,2017-08-16,8.3319
157350,다이버전트,2014-03-14,9.2781
390845,맛있는 비행,2015-11-01,9.7041
49530,인 타임,2011-10-27,11.2205
630,오즈의 마법사,1939-08-15,9.282
18,제5원소,1997-05-02,9.6673
1098378,유어 몬스터,2024-10-25,9.6263
335977,인디아나 존스: 운명의 다이얼,2023-06-25,9.8249
854,마스크,1994-07-29,11.8706
974262,디센던츠: 레드의 반항,2024-07-11,9.7833
1114513,스픽 노 이블,2024-09-11,7.8432
466420,플라워 킬링 문,2023-10-18,9.2411
1139566,스루 마이 윈도 3: 너에게 머무는 시선,2024-02-23,9.5946
269955,인간중독,2014-05-14,10.9462
402900,오션스 8,2018-06-07,7.7246
464026,가자! 장미여관으로,2013-08-14,9.1514
601,이티,1982-06-11,12.8425
87101,터미네이터 제니시스,2015-06-23,11.3511
1125510,더 플랫폼 2,2024-09-27,9.1397
939099,swingers ZwingerZ,2022-03-20,9.0372
313369,라라랜드,2016-12-01,10.4601
1373723,코드 오브 워,2025-03-20,10.8496
268,배트맨,1989-06-21,8.9307
969778,Модель,2022-06-02,7.4894
646385,스크림,2022-01-12,8.7738
920,카,2006-06-08,9.6673
39254,리얼 스틸,2011-09-28,10.4165
637,인생은 아름다워,1997-12-20,9.6607
1333100,진격의 거인 더 라스트 어택,2024-11-08,9.6155
34851,프레데터스,2010-07-07,10.7971
1208808,Turno nocturno,2024-12-05,9.7531
1273930,周处除三嗨,2024-04-11,8.6812
1106739,배심원 #2,2024-10-30,9.3565
1146210,हाउसफ़ूल 5,2025-06-05,9.034
186622,Ainsi soient-elles,1995-01-25,10.5881
1051896,아카디안,2024-04-12,9.4181
200727,"러브, 로지",2014-10-16,10.1949
695721,헝거게임: 노래하는 새와 뱀의 발라드,2023-11-15,9.3322
10330,프리키 프라이데이,2003-08-05,10.2501
974453,앱솔루션,2024-10-31,10.1014
9737,나쁜 녀석들,1995-04-07,10.2296
242582,나이트 크롤러,2014-10-23,11.9688
320288,엑스맨: 다크 피닉스,2019-06-05,8.0916
1388366,Popeye the Slayer Man,2025-03-21,9.9208
587727,가슴 큰 여자친구,2019-03-08,9.3446
336843,메이즈 러너: 데스 큐어,2018-01-10,8.7708
713704,이블 데드 라이즈,2023-04-12,8.9088
889737,조커: 폴리 아 되,2024-10-01,9.4746
710295,울프맨,2025-01-15,9.4299
161,오션스 일레븐,2001-12-07,10.9042
51876,리미트리스,2011-03-17,10.3873
1092899,The Siege,2023-03-10,9.7824
408,백설공주와 일곱 난쟁이,1938-01-14,8.3865
372962,まいちゃんの日常,2016-02-25,8.7012
524434,이터널스,2021-11-03,9.8797
609681,더 마블스,2023-11-08,8.8949
1417,판의 미로: 오필리아와 세개의 열쇠,2006-10-11,9.4467
423502,내 친구의 엄마,2016-10-12,9.3375
55580,모넬라 3,1995-08-30,9.3242
77,메멘토,2000-10-11,10.4637
70981,프로메테우스,2012-05-30,9.9384
718821,트위스터스,2024-07-10,9.3609
508642,곤지암,2018-03-28,8.8556
580489,베놈 2: 렛 데어 비 카니지,2021-09-30,9.6949
1026542,Baby Blue,2023-04-16,9.6085
8392,이웃집 토토로,1988-04-16,8.7758
1018,멀홀랜드 드라이브,2001-06-06,8.353
1241624,괴기열차,2025-07-09,9.6217
286217,마션,2015-09-30,9.6106
607,맨 인 블랙,1997-07-02,8.8915
666277,패스트 라이브즈,2023-06-02,10.2253
377,나이트메어,1984-11-09,9.2615
207703,킹스맨: 시크릿 에이전트,2015-01-24,11.0
10020,미녀와 야수,1991-10-22,9.8398
1389158,माँ,2025-06-20,9.3227
508883,그대들은 어떻게 살 것인가,2023-07-14,9.1776
577922,테넷,2020-08-22,9.6038
968051,더 넌 2,2023-09-06,9.5258
37135,타잔,1999-06-18,8.7858
62835,콜롬비아나,2011-07-27,9.0269
105825,요재연담 3 - 등초화상,1992-03-05,8.799
4011,비틀쥬스,1988-03-30,7.7638
451915,뷰티풀 보이,2018-10-12,9.466
458220,'파머' - Palmer,2021-01-28,9.4457
46738,그을린 사랑,2010-09-17,8.2068
772,나 홀로 집에 2: 뉴욕을 헤매다,1992-11-15,8.9612
745,식스 센스,1999-08-06,8.9442
753342,나폴레옹,2023-11-22,9.1325
420809,말레피센트 2,2019-10-16,9.0019
645710,더 보이어즈,2021-08-25,9.3567
57158,호빗: 스마우그의 폐허,2013-12-11,10.1117
453,뷰티풀 마인드,2001-12-14,9.4279
1397832,위도우 게임,2025-05-29,9.2861
263115,로건,2017-02-28,9.0181
22881,블라인드 사이드,2009-11-20,8.7228
8363,슈퍼배드,2007-08-17,9.2609
335787,언차티드,2022-02-10,8.5536
20526,트론: 새로운 시작,2010-12-14,9.6808
1366,록키,1976-11-20,10.2604
2164,스타게이트,1994-10-28,7.4321
78383,너스 3D,2013-09-28,9.2459
8835,금발이 너무해,2001-07-13,10.7742
100464,범하다,1976-02-07,8.7759
861,토탈 리콜,1990-06-01,10.9593
928334,O Amante de Júlia,2022-01-18,8.6089
493529,던전 앤 드래곤: 도적들의 명예,2023-03-23,8.5178
1949,조디악,2007-03-02,8.451
760104,X,2022-03-17,8.9593
9637,스쿠비 두,2002-06-14,7.055
480530,크리드 2,2018-11-21,8.1369
4247,무서운 영화,2000-07-07,10.0851
1734,미이라 2,2001-05-04,8.4258
85430,Girl Play,2004-07-11,9.0827
257344,픽셀,2015-07-16,8.6846
137116,스머프: 비밀의 숲,2017-03-23,7.9053
11836,보글보글 스폰지밥,2004-11-19,8.4805
588648,Dragonkeeper,2024-04-11,9.064
137113,엣지 오브 투모로우,2014-05-27,9.5853
35,심슨 가족: 더 무비,2007-07-25,7.7638
1291559,봄이 사라진 세계,2024-06-26,9.2624
63197,Megan Is Missing,2011-05-01,8.0707
396422,애나벨: 인형의 주인,2017-08-03,7.9295
75656,나우 유 씨 미: 마술사기단,2013-05-29,9.5525
73861,세르비안 필름,2010-01-06,9.4507
1138749,The Island,2023-07-21,9.7772
1029281,스트레인지 달링,2024-08-14,8.6512
220289,평행이론: 도플갱어 살인,2013-09-19,7.6598
1278,몽상가들,2003-10-10,8.3454
101299,헝거게임: 캣칭 파이어,2013-11-15,10.6605
131634,헝거게임: 더 파이널,2015-11-18,10.3192
969492,랜드 오브 배드,2024-02-09,8.9611
602,인디펜던스 데이,1996-06-25,9.7999
629,유주얼 서스펙트,1995-07-19,9.0312
796,사랑보다 아름다운 유혹,1999-03-05,8.9012
339846,베이워치: SOS 해상 구조대,2017-05-25,8.6296
1265,비밀의  숲 테라비시아,2007-02-15,9.2409
77174,파라노만,2012-08-03,8.4066
346910,더 프레데터,2018-09-05,9.512
311,원스 어폰 어 타임 인 아메리카,1984-05-23,10.1455
426889,Le Clitoris,2016-06-18,8.1599
1492108,Kandungan,2025-07-22,8.768
997265,룰 34,2023-01-19,8.88
381288,23 아이덴티티,2017-01-19,9.2718
1180906,Desert Dawn,2025-05-15,9.0179
8961,나쁜 녀석들 2,2003-07-18,7.4604
10830,마틸다,1996-08-02,10.1727
1402,행복을 찾아서,2006-12-14,9.2039
598,시티 오브 갓,2002-08-30,8.7727
698508,리디밍 러브,2022-01-21,8.3371
49444,쿵푸팬더 2,2011-05-25,9.9679
176,쏘우,2004-10-01,9.5753
297802,아쿠아맨,2018-12-07,8.9689
294254,메이즈 러너: 스코치 트라이얼,2015-09-09,9.1689
330457,겨울왕국 2,2019-11-20,8.953
762975,퍼플 하트,2022-07-29,8.7452
2251,언페이스풀,2002-05-10,7.6964
1180648,Kuća od blata,2024-10-10,8.7194
44833,배틀쉽,2012-04-11,9.7784
438148,미니언즈 2,2022-06-29,8.5954
1171101,కుబేర,2025-06-19,8.572
634492,마담 웹,2024-02-14,8.6623
89,인디아나 존스: 최후의 성전,1989-05-24,8.7375
337401,뮬란,2020-09-04,7.2897
339403,베이비 드라이버,2017-06-28,10.0397
61979,쓰리 미터스 어보브 헤븐,2010-12-03,9.1234
47626,드래곤 길들이기: 본내퍼 드래곤의 전설,2010-10-14,8.9693
879,후크,1991-04-10,10.1005
646207,아이스 로드,2021-06-24,8.0936
270946,마다가스카의 펭귄,2014-11-22,10.0675
50014,헬프,2011-08-09,9.7742
47570,메이드 인 스웨덴,1971-11-03,8.9612
917496,비틀쥬스 비틀쥬스,2024-09-04,8.8216
249397,님포매니악: 볼륨 2,2013-12-25,9.0604
10112,아리스토캣,1970-12-24,7.4006
9880,프린세스 다이어리,2001-08-03,8.2281
1414048,데이 오브 레코닝,2025-03-28,8.5742
62,2001 스페이스 오디세이,1968-04-02,9.4292
8856,베스트 키드 2,1986-06-18,9.6807
11970,헤라클레스,1997-06-13,8.5606
1442532,Malagkit,2025-03-11,8.6039
57214,프로젝트 X,2012-03-01,8.2711
9487,벅스 라이프,1998-11-25,8.4701
141,도니 다코,2001-01-19,8.1636
689160,맛있는 과외누나,2020-04-03,9.5883
752,브이 포 벤데타,2006-02-23,7.2379
670292,크리에이터,2023-09-27,7.6802
10527,마다가스카 2,2008-10-30,7.2381
277217,디센던츠,2015-07-31,8.3836
281957,레버넌트: 죽음에서 돌아온 자,2015-12-25,9.725
1109255,파르테노페,2024-10-24,8.7848
630586,데드 캠프: 리부트,2021-01-26,8.1802
604,매트릭스 2: 리로디드,2003-05-15,9.8832
1081003,슈퍼걸: 우먼 오브 투모로우,2026-06-24,7.2839
374720,덩케르크,2017-07-19,7.3833
365177,보더랜드,2024-08-07,7.8464
454983,키싱 부스,2018-05-11,8.635
1445276,たまらないのは恋なのか,2025-04-06,8.6834
1100099,위 리브 인 타임,2024-10-10,8.9056
1254786,라이프 리스트,2025-03-27,8.3815
181808,스타워즈 에피소드 8: 라스트 제다이,2017-12-13,8.2386
893723,퍼피 구조대: 더 마이티 무비,2023-09-21,8.7367
1165642,이 별에 필요한,2025-05-30,8.5987
138832,우리는 밀러 가족,2013-08-07,7.0801
8355,아이스 에이지 3: 공룡시대,2009-06-26,9.4644
1181107,킹 오브 킹스,2025-04-07,8.1822
1111873,애비게일,2024-04-16,8.1895
43347,러브 & 드럭스,2010-11-04,9.8468
640146,앤트맨과 와스프: 퀀텀매니아,2023-02-15,7.2803
562,다이 하드,1988-07-15,8.119
11824,틴 울프,1985-08-23,6.9067
1252428,狂蟒之灾,2024-03-01,7.7589
86331,Q - 섹스힐링,2011-10-06,8.3768
621,그리스,1978-06-16,10.4085
260513,인크레더블 2,2018-06-14,8.0003
763215,댐즐,2024-03-07,8.2258
310,브루스 올마이티,2003-05-23,8.0534
587792,팜 스프링스,2020-07-10,8.3033
944401,도그맨,2023-09-27,8.2692
